FileNo,event,Sex,age_1,Glocuse,HDL,TRIGLYCERIDES,LdL,Cholesterol,BPS,BPD,HSCRP,smokingstutus
1,1,1,50,70,47,58,77.4,136,103.333333333333,60,1.89,1
2,1,1,53,68,44,53,67.4,122,106.666666666667,75,1.56,1
3,1,0,64,79,40,75,94,149,93.3333333333333,60,1.08,2
4,1,1,41,80,36,172,81.6,152,115,70,25.31,3
5,1,1,0,0,0,0,0,0,131.666666666667,70,0,1
6,1,1,57,103,55,37,139.6,212,0,0,7.61,2
7,1,0,44,115,65,120,147,236,140,86.6666666666667,.67,2
8,1,0,56,89,49,156,92.8,176,109,88.6666666666667,1.65,2
9,1,1,44,102,66,67,117.6,196,140,86.6666666666667,7.45,1
10,1,1,52,97,69,97,105.6,194,136,90,3.19,2
11,1,0,33,91,66,101,92.2,179,110,75,1.32,3
12,1,0,55,98,46,143,98,187,125,80,7.07,1
13,1,0,42,102,49,188,63.5454545454545,198,120,80,8.42,1
14,1,1,44,97,55,181,104.8,196,200,106.666666666667,1.61,1
15,1,1,46,96,52,187,96.6,186,126.666666666667,80,1.37,1
16,1,0,42,103,60,83,130.4,207,98.3333333333333,70,40.7,3
17,1,1,39,112,60,136,131.8,219,0,0,24.07,1
18,1,1,51,111,76,58,131.4,219,150,88.6666666666667,6.55,3
19,1,1,54,118,70,129,145.2,241,160,100,20.25,1
20,1,1,62,96,56,70,109,182,120,80,.82,1
21,1,1,0,0,0,0,0,0,0,0,0,1
22,1,0,50,113,62,130,143,231,150,95,1.34,1
23,1,1,42,263,41,489,114.727272727273,378,120,75,11.3,1
24,1,1,38,113,61,217,72.3636363636364,232,120,80,49.3,1
25,1,0,44,79,38,98,59.4545454545455,142,137,88.3333333333333,6.46,2
26,1,0,56,104,57,190,104,199,145,90,5.18,1
27,1,1,42,125,70,261,144.8,267,120,80,4.26,1
28,1,0,60,99,43,215,102,188,120,80,2.57,1
29,2,1,0,121,66,158,116.181818181818,254,125,80,20.97,2
30,1,0,65,108,57,175,119,211,120,80,2.29,1
31,1,1,47,94,51,115,104,178,110,80,10.55,1
32,1,1,0,0,0,0,0,0,138.333333333333,90,0,1
33,1,0,0,95,60,117,61.8181818181818,175,110,79.3333333333333,1.61,1
34,1,1,63,121,69,130,140,235,131.666666666667,90,40.46,1
35,1,0,61,99,78,61,94.8,185,110,76.6666666666667,3.34,2
36,1,1,0,0,0,0,0,0,93.3333333333333,60,0,0
37,1,0,0,99,69,59,97.2,178,86.6666666666667,60,1.72,3
38,1,1,0,102,54,91,128.8,201,111.666666666667,70,4.89,3
39,1,1,0,94,71,121,49,175,120,70,2.39,1
40,1,0,54,127,71,123,146.4,242,105,70,1.65,2
41,1,1,39,111,65,163,126.4,224,120,85,7.5,1
42,1,0,46,102,69,59,113.6,194,120,71.3333333333333,10.02,1
43,2,0,55,91,57,295,67,177,130,85,1.31,2
44,1,1,50,122,87,216,116.818181818182,302,146.666666666667,90,6.11,1
45,1,0,51,89,65,166,162.545454545455,303,130,80,7.13,1
46,1,0,43,90,57,86,96.8,171,110,83.3333333333333,5.83,1
47,1,1,42,103,61,167,104.6,199,140,90,33.36,1
48,1,1,51,177,67,242,207.6,323,0,0,18.66,1
49,1,0,57,106,52,297,84.2,196,147,90,6.01,1
50,1,0,48,107,68,280,141,209,110,76,1.003,1
51,1,1,41,103,67,35,106.090909090909,189,106,75,1.48,1
52,1,1,45,86,46,77,60,141,130,69.3333333333333,1.05,1
53,1,1,42,94,65,72,70.2727272727273,168,119,75,2.39,1
54,1,1,39,94,50,133,48.5,159,120,70,7.19,1
55,1,0,45,110,57,52,113.363636363636,194,106.666666666667,70,1.08,1
56,1,1,46,78,49,163,85.2,145,141.666666666667,80,4.11,2
57,1,0,54,91,53,80,35,168,110,75,2.28,1
58,1,1,47,92,47,92,92.6,172,120,78.6666666666667,4.3,1
59,1,1,50,95,69,69,89.2,172,120,80,1.55,1
60,1,0,63,84,42,86,91.8,151,105,80,21.12,3
61,1,0,45,95,60,124,103.2,188,160,95,6.56,1
62,1,1,42,137,61,115,136.727272727273,250,145,93.3333333333333,2.22,1
63,1,0,51,136,53,118,148.4,225,110,70,1.62,1
64,1,0,64,95,60,60,86.7272727272727,174,103.333333333333,70,4.02,2
65,1,1,56,89,45,57,98.6,155,116.666666666667,70,2.72,1
66,1,1,43,81,44,71,79.8,138,127.5,65,2.48,1
67,1,1,59,183,57,127,165.272727272727,280,0,0,0,1
68,1,1,44,94,40,111,103.8,166,166.666666666667,81.6666666666667,7.9,1
69,1,1,39,84,66,58,72.4,150,125,71.6666666666667,.87,1
70,1,0,45,0,0,0,0,0,145,90,0,3
71,1,1,63,113,65,86,87.9090909090909,192,120,80,1.16,3
72,1,0,37,99,58,179,82.2,176,0,0,4.52,1
73,1,1,44,95,61,122,51.5454545454545,168,120,80,17.76,3
74,1,0,56,153,35,354,125.2,231,150,90,5.68,1
75,1,1,49,93,42,127,93.5,161,130,80,1.01,1
76,1,0,60,96,33,173,52.3636363636364,164,0,0,1.91,1
77,1,1,52,91,52,196,58.8,150,146.666666666667,90,5.41,1
78,1,1,46,88,56,114,80.2,159,0,0,7.77,1
79,1,1,50,97,62,125,57.1818181818182,176,110,80,13.52,2
80,1,0,61,165,59,225,179,283,120,81.6666666666667,4.61,1
81,1,1,51,115,58,106,198,198,136.666666666667,90,.66,1
82,1,1,0,0,0,0,0,0,141.333333333333,80,0,1
83,1,1,46,92,51,158,40.1818181818182,163,110,68.3333333333333,10.59,1
84,2,0,53,129,62,329,104.454545454545,316,120,80,9.11,1
85,1,1,50,96,56,51,90.8,157,80,60,58.66,1
86,1,1,47,89,58,75,61.9090909090909,154,0,0,6.72,1
87,1,1,0,0,0,0,0,0,0,0,0,1
88,1,1,38,106,50,81,111.181818181818,198,0,0,57.62,1
89,1,1,45,87,56,96,75.8,151,0,0,2.29,1
90,1,1,60,99,53,196,83.8,176,0,0,4.17,3
91,1,1,0,0,0,0,0,0,0,0,0,1
92,1,1,55,125,65,149,91.2727272727273,224,0,0,.5,2
93,1,1,0,0,0,0,0,0,0,0,0,0
94,1,0,35,97,60,113,62.6363636363636,174,0,0,2.56,1
95,1,0,41,92,50,87,91.8,159,0,0,1.7,3
96,1,1,46,103,64,122,69.5454545454546,189,0,0,.8,1
97,1,1,51,166,51,220,145,240,0,0,4.78,1
98,1,1,39,92,65,80,69.6363636363636,171,0,0,8.85,1
99,1,0,40,104,55,113,103.4,181,0,0,41.15,1
100,1,0,47,96,60,162,93.6,168,0,0,3.37,3
