imputer,normalizer,tamer__detector,tamer__remediation,selector,balancer,classifier__max_features,classifier__penalty,_family,tamer__contamination,tamer__mad_threshold,classifier__learning_rate,classifier__max_depth,classifier__n_estimators,classifier__subsample,classifier__colsample_bytree,classifier__min_child_weight,classifier__min_child_samples,classifier__reg_alpha,classifier__reg_lambda,classifier__scale_pos_weight,classifier__num_leaves,classifier__min_samples_leaf,classifier__iterations,classifier__depth,classifier__l2_leaf_reg,classifier__C,classifier__estimator__xgb__learning_rate,classifier__estimator__xgb__max_depth,classifier__estimator__xgb__scale_pos_weight,mean_pr_auc,std_pr_auc,mean_roc_auc,std_roc_auc,range_pr_auc,cv_pr_auc,uncertainty_aware_score,brier_mean,recall_at_spec90_mean
KNNImputerWrapper(n_neighbors=5),RobustScalerNorm,iforest,shrink,SelectKBestFilter(k=20),BorderlineSMOTESampler(k_neighbors=3),absent,absent,xgb,0.017308626575886044,2.3674792549454415,0.016236046165317316,11.0,126.0,0.8613011239993278,0.5348103198894097,12.0,,0.002269278752676838,0.10347779689878642,9.238533665507816,,,,,,,,,,0.23881534738148283,0.019178064896955727,0.7018385868481805,0.015991619172792647,0.055972803055511694,0.08030499340698045,0.22922631493300497,,
IterativeModelImputer,RobustScalerNorm,iforest,mad_replace,SelectKBestFilter(k=10),BorderlineSMOTESampler(k_neighbors=3),absent,absent,xgb,0.03854465238600047,2.670229295955927,0.05463642015934537,9.0,333.0,0.9521269820341016,0.8419374188963815,27.0,,0.024837040528698836,0.28249762844686366,7.30312628827239,,,,,,,,,,0.18870599220957793,0.015414652316507635,0.6477088477796283,0.016319415426265572,0.04600562648222967,0.08168607756444764,0.18099866605132411,,
IterativeModelImputer,ZScoreNormalizationNorm,iforest,mad_replace,SelectKBestFilter(k=30),SMOTESampler(k_neighbors=5),absent,absent,xgb,0.005463177020702676,3.0055773934647387,0.012684729068059923,3.0,952.0,0.9109792041335418,0.6738353959699224,7.0,,2.4562276939551966,0.43695413555275625,2.448607370335588,,,,,,,,,,0.2105514344501609,0.01543895064246663,0.6853055623433886,0.011328976457547211,0.045683422543299074,0.07332626672805284,0.20283195912892757,,
IterativeModelImputer,RobustScalerNorm,statistical,winsorize,SelectKBestFilter(k=10),SMOTESampler(k_neighbors=5),absent,absent,xgb,0.10007343967182925,3.4961823308821343,0.11598157060224928,9.0,174.0,0.7870066069937882,0.8891337491828115,2.0,,0.021348412848947847,5.323294716289609,5.977567963026952,,,,,,,,,,0.20899286798600875,0.01867214487980877,0.6376606492526595,0.014067186363752334,0.05475915562580544,0.08934345492143203,0.19965679554610435,,
IterativeModelImputer,RobustScalerNorm,statistical,shrink,SelectKBestFilter(k=40),SMOTESampler(k_neighbors=5),absent,absent,xgb,0.010874360777341236,2.8112694495091035,0.035993584844514606,9.0,107.0,0.9748107327238845,0.874249601160203,6.0,,0.018457165276857906,1.3426338966910483,3.2234127575091778,,,,,,,,,,0.21840819999069722,0.009874673911745483,0.6809414728918955,0.01734883633033887,0.023906788450682143,0.04521201086848425,0.2134708630348245,,
IterativeModelImputer,RobustScalerNorm,statistical,winsorize,TreeBasedSelection,SMOTESampler(k_neighbors=3),absent,absent,xgb,0.025438360181032665,3.77899058022937,0.17055812318989266,7.0,868.0,0.5811177503211706,0.5085901968554356,45.0,,0.008753789103862755,0.3846106300126301,1.7597972740470749,,,,,,,,,,0.2016189827312298,0.006083412351448424,0.6557398112839508,0.009407866372884289,0.018825581149239323,0.030172815421641016,0.19857727655550558,,
KNNImputerWrapper(n_neighbors=5),RobustScalerNorm,iforest,winsorize,SelectKBestFilter(k=40),SMOTESampler(k_neighbors=5),absent,absent,xgb,0.13161992329146793,2.5473593477019367,0.02818660894776477,11.0,837.0,0.9617991835923938,0.9779179449870432,24.0,,1.1398315795852432,1.9888996020836578,2.7654564246923647,,,,,,,,,,0.22988963556325817,0.010121343180848093,0.6935980373873845,0.015613588867270782,0.03083108158570269,0.04402696605286073,0.2248289639728341,,
ClassMeanImputer,RobustScalerNorm,cluster,percentile_clip,SelectKBestFilter(k=20),SMOTESampler(k_neighbors=5),absent,absent,xgb,0.06347623661875154,2.902495996054107,0.024736462928470627,11.0,156.0,0.5684772064395809,0.957643916667313,2.0,,0.23663482653895482,0.20048064528006432,4.718506226328556,,,,,,,,,,0.2111151005691289,0.011444991625842038,0.670127001249676,0.01666545861912483,0.029027978213465117,0.05421209375827862,0.20539260475620788,,
KNNImputerWrapper(n_neighbors=5),RobustScalerNorm,cluster,percentile_clip,TreeBasedSelection,FunctionSampler,absent,absent,xgb,0.012079906741284086,2.432612930670656,0.09902082673965637,7.0,903.0,0.8226563851346749,0.8111714780442342,28.0,,4.483150007491824,2.9045262231390967,6.329943047951016,,,,,,,,,,0.23231616312628445,0.00647648560787661,0.6782621669228182,0.012181679502199273,0.018483377618402408,0.027877895023412837,0.22907792032234614,,
MeanImputer,RobustScalerNorm,iforest,mad_replace,TreeBasedSelection,SMOTESampler(k_neighbors=3),absent,absent,xgb,0.03277759219089208,3.63972495093119,0.0886030730681788,5.0,710.0,0.8319616015201499,0.766292411505064,3.0,,0.4481243527853089,0.1370705297138596,2.9570354634402016,,,,,,,,,,0.21209578022289435,0.013758396574345341,0.6604792964839739,0.01771648958599589,0.03795736428232502,0.06486878975096277,0.20521658193572168,,
ClassMeanImputer,RobustScalerNorm,cluster,none,TreeBasedSelection,FunctionSampler,absent,absent,xgb,0.03480311661567021,3.0779446245610744,0.050989471002123664,4.0,380.0,0.765643683896571,0.9347407277322924,1.0,,0.006171513727758182,0.9550378274806904,7.68110967042802,,,,,,,,,,0.24102758423560147,0.007779249471541564,0.6886836886763941,0.009176539268384206,0.02296093042548561,0.03227534929752042,0.23713795949983069,,
InterpolateImputer,ZScoreNormalizationNorm,statistical,mad_replace,SelectKBestFilter(k=10),FunctionSampler,absent,absent,xgb,0.015982137129454774,3.5618700832482917,0.01207234625246113,3.0,438.0,0.8692144797029759,0.6868240282564925,1.0,,0.7046162071922542,3.232112203635603,5.466175860720501,,,,,,,,,,0.24988953122357677,0.01973585646615852,0.7075293354961514,0.019204344515893344,0.051533673802535596,0.07897832442008466,0.24002160299049752,,
ClassMeanImputer,RobustScalerNorm,statistical,mad_replace,SelectKBestFilter(k=40),BorderlineSMOTESampler(k_neighbors=3),absent,absent,xgb,0.005202112382067821,2.9503805318216156,0.041430321863452496,7.0,298.0,0.5280502074026576,0.6824508549687437,36.0,,0.0012515863323350185,0.6325947785637415,1.8060618713193142,,,,,,,,,,0.20850425911577647,0.015012864612890234,0.6851596163409579,0.0068633129878233985,0.0433368424416152,0.0720026759959566,0.20099782680933134,,
MeanImputer,RobustScalerNorm,iforest,percentile_clip,SelectKBestFilter(k=30),SMOTESampler(k_neighbors=3),absent,absent,xgb,0.008319535405876226,3.9963618667744756,0.07903593396154636,12.0,739.0,0.7783074403555106,0.5798952369227193,6.0,,0.15600071357060674,0.815834936453353,3.7057417987579657,,,,,,,,,,0.21602167135093167,0.014091943183998845,0.6683058211741807,0.0202306501707493,0.037482025488833226,0.06523393276180237,0.20897569975893224,,
MeanImputer,RobustScalerNorm,cluster,cluster_local_median,SelectKBestFilter(k=20),FunctionSampler,absent,absent,xgb,0.07253776277327766,2.3298240640048626,0.14500896531023086,7.0,140.0,0.7256585793959379,0.6402872356438727,18.0,,1.363497401658912,0.5363936952683594,5.203723349926301,,,,,,,,,,0.20014301779746688,0.02095260145718817,0.6570063847608146,0.019895756996667544,0.06459215262544676,0.10468814594567065,0.18966671706887278,,
IterativeModelImputer,RobustScalerNorm,iforest,winsorize,TreeBasedSelection,SMOTESampler(k_neighbors=5),absent,absent,xgb,0.006387121004285506,3.620212318105599,0.014170235547157708,12.0,537.0,0.8396937927407967,0.7812551035347316,4.0,,0.6459733969773924,7.913310303752856,2.886953337663137,,,,,,,,,,0.24091943043557204,0.00965152016252988,0.6998572907221755,0.01445133727550074,0.02401661473257194,0.0400611945042388,0.2360936703543071,,
IterativeModelImputer,RobustScalerNorm,iforest,winsorize,TreeBasedSelection,BorderlineSMOTESampler(k_neighbors=3),absent,absent,xgb,0.0056241600872989315,2.363362895280671,0.010112856926011533,8.0,180.0,0.793508363711849,0.5488787315965571,14.0,,0.015896020660706278,0.1730138731577197,1.2851485894965924,,,,,,,,,,0.2473430235301211,0.009621059181341178,0.7054554082238528,0.020081625611929683,0.027719164579634553,0.038897637151951193,0.24253249393945053,,
KNNImputerWrapper(n_neighbors=5),ZScoreNormalizationNorm,cluster,percentile_clip,SelectKBestFilter(k=30),SMOTESampler(k_neighbors=5),absent,absent,xgb,0.05262476522508342,2.4527703543801707,0.020510697406552675,2.0,664.0,0.7558593627119059,0.6254261839440388,10.0,,1.7289228588836714,6.152542558549053,4.375987641774377,,,,,,,,,,0.24497642688588012,0.014632355436198301,0.7030102932129529,0.01757090188307861,0.039236706986625736,0.059729646734600475,0.23766024916778097,,
InterpolateImputer,ZScoreNormalizationNorm,statistical,cluster_local_median,SelectKBestFilter(k=20),FunctionSampler,absent,absent,xgb,0.09195178345801837,3.8903948128605848,0.09195126944222252,5.0,420.0,0.8075408687647505,0.8606190364310715,2.0,,0.9185975470413965,1.828463950525171,3.553737370149916,,,,,,,,,,0.2142446442952795,0.023012576903229078,0.6716614364626674,0.01944358644059888,0.06722496074941092,0.10741261224487056,0.20273835584366498,,
InterpolateImputer,ZScoreNormalizationNorm,iforest,winsorize,TreeBasedSelection,BorderlineSMOTESampler(k_neighbors=3),absent,absent,xgb,0.006658741955351334,3.1248872215386934,0.01558592325801772,10.0,572.0,0.8127834570584898,0.6206447352040573,1.0,,0.003691662274854958,4.469526941609628,4.042717948660479,,,,,,,,,,0.24669143112502256,0.018027042987515386,0.7038053163737538,0.014554998073264646,0.04443995975858461,0.07307527020822757,0.23767790963126487,,
KNNImputerWrapper(n_neighbors=5),RobustScalerNorm,statistical,none,SelectKBestFilter(k=20),BorderlineSMOTESampler(k_neighbors=3),absent,absent,xgb,0.007580952478943795,3.4527130566403206,0.021015756156710527,12.0,169.0,0.9969650665185662,0.5057130001649645,5.0,,0.21556102087833257,0.8619109891387106,2.1185315336339317,,,,,,,,,,0.23414765204716073,0.019476485806920067,0.6984305904771704,0.01681692059828016,0.05857695443319319,0.08318035921623174,0.2244094091437007,,
KNNImputerWrapper(n_neighbors=5),RobustScalerNorm,cluster,none,SelectKBestFilter(k=10),FunctionSampler,absent,absent,xgb,0.023392856560761694,2.2173543478625155,0.22658405264214537,4.0,611.0,0.8780243843000732,0.723983986013874,2.0,,0.0010455673238064795,0.15833973379995267,2.3755346379626734,,,,,,,,,,0.1793022047727732,0.009869650514130223,0.6255402798051962,0.017501852942330004,0.027082191531481586,0.05504478055157142,0.17436737951570808,,
IterativeModelImputer,ZScoreNormalizationNorm,iforest,none,SelectKBestFilter(k=10),SMOTESampler(k_neighbors=3),absent,absent,xgb,0.04484001650516331,3.0360519368161483,0.029561672467103093,11.0,193.0,0.5407798372344051,0.891674127246048,8.0,,0.003271640821858429,4.977202482883741,2.620491628827126,,,,,,,,,,0.22752829051810472,0.01601320206933469,0.6730671087153632,0.013490984297618447,0.04293269040554937,0.07037894950500892,0.21952168948343737,,
InterpolateImputer,ZScoreNormalizationNorm,iforest,cluster_local_median,SelectKBestFilter(k=40),SMOTESampler(k_neighbors=3),absent,absent,xgb,0.01371598030413384,2.7696453924289703,0.02613641026780134,4.0,468.0,0.5980120598281051,0.9262549263089743,8.0,,1.4334910395404041,1.475956254259338,5.2536950426959645,,,,,,,,,,0.21257305946984265,0.016602713867232673,0.6821217908732939,0.009793822525696815,0.046884771223905775,0.0781035654689256,0.2042717025362263,,
ClassMeanImputer,ZScoreNormalizationNorm,statistical,none,TreeBasedSelection,BorderlineSMOTESampler(k_neighbors=3),absent,absent,xgb,0.05681959229996423,3.5165156336602337,0.034497687721017356,4.0,120.0,0.6644103437390183,0.6940841275226558,32.0,,1.9560125922374463,0.1986933457609782,8.704186419482813,,,,,,,,,,0.2606551513064143,0.00687155165251651,0.7066682086658479,0.019784421967946705,0.018324278652271764,0.026362615962416285,0.25721937548015605,,
MeanImputer,RobustScalerNorm,statistical,cluster_local_median,SelectKBestFilter(k=20),BorderlineSMOTESampler(k_neighbors=3),absent,absent,xgb,0.015455594152980506,2.5938822257039895,0.022574221160714964,8.0,146.0,0.6837831295536825,0.8391554780623773,3.0,,0.006606206787655033,0.11977299095253745,4.1462621755299125,,,,,,,,,,0.21598509471980912,0.02101357065382631,0.6684288394841819,0.02012179413463666,0.05615159190195684,0.09729176303154889,0.20547830939289596,,
ClassMeanImputer,ZScoreNormalizationNorm,cluster,percentile_clip,SelectKBestFilter(k=30),SMOTESampler(k_neighbors=5),absent,absent,xgb,0.11876310123509984,3.3955301796709074,0.258727247370936,10.0,288.0,0.8465934740880943,0.5565197622775253,19.0,,0.05089095354532853,5.827263708245099,1.5596482631865312,,,,,,,,,,0.2065426676592499,0.013849325006132255,0.660856072127514,0.013043644249709278,0.035771842292207034,0.06705309446753445,0.19961800515618378,,
ClassMeanImputer,RobustScalerNorm,cluster,percentile_clip,SelectKBestFilter(k=40),SMOTESampler(k_neighbors=5),absent,absent,xgb,0.008469826375604755,2.4784017172599597,0.15588218236958115,8.0,275.0,0.5553278555462479,0.7457271729616104,3.0,,2.4987666974853058,1.006077477403425,8.096042598038938,,,,,,,,,,0.20512433692682314,0.01099822534476229,0.6769089159437625,0.014698766698671583,0.03153278889059169,0.05361735964409645,0.19962522425444199,,
ClassMeanImputer,ZScoreNormalizationNorm,cluster,percentile_clip,SelectKBestFilter(k=10),SMOTESampler(k_neighbors=5),absent,absent,xgb,0.08274452447494524,3.929471442522158,0.018361040057527818,2.0,206.0,0.7140508885849834,0.7854775619439576,12.0,,0.8094335015168264,0.25396959859096685,3.924602177229699,,,,,,,,,,0.26258421271650273,0.006423556220461708,0.7044229680978991,0.013185702585837983,0.01361859770312318,0.02446284243065617,0.25937243460627185,,
MeanImputer,ZScoreNormalizationNorm,statistical,shrink,SelectKBestFilter(k=40),SMOTESampler(k_neighbors=3),absent,absent,xgb,0.02905177943515326,2.600151184247212,0.0739446187147616,7.0,161.0,0.674910602958536,0.6482578528449814,7.0,,0.012577543130161488,0.22968701183468634,6.597735919091364,,,,,,,,,,0.21654722063643222,0.016943411940687998,0.6723782209161001,0.01529087035161218,0.048287785309220066,0.07824349761170481,0.20807551466608823,,
IterativeModelImputer,RobustScalerNorm,iforest,mad_replace,SelectKBestFilter(k=30),FunctionSampler,absent,absent,xgb,0.00979283304321329,2.151725146224855,0.06334868727122214,6.0,367.0,0.5068256112314095,0.9924408031486982,14.0,,0.033642036281403935,2.1066773323936916,4.918470160678431,,,,,,,,,,0.2060809305356281,0.02020082643275077,0.6723722980851881,0.022139348075088595,0.0632863941645534,0.0980237539700859,0.1959805173192527,,
ClassMeanImputer,ZScoreNormalizationNorm,statistical,percentile_clip,SelectKBestFilter(k=30),FunctionSampler,absent,absent,xgb,0.06466385531570948,3.2787470433173844,0.017569375353222318,12.0,980.0,0.705512862639189,0.7096293427226068,21.0,,0.004273256817452062,4.02654740172854,9.808143440500025,,,,,,,,,,0.24874967624373484,0.015148361623949556,0.6963245277275835,0.011260654425550463,0.04464920505243708,0.06089801543744157,0.24117549543176006,,
ClassMeanImputer,ZScoreNormalizationNorm,cluster,mad_replace,SelectKBestFilter(k=30),BorderlineSMOTESampler(k_neighbors=3),absent,absent,xgb,0.1377819581453969,3.1489529652998476,0.28946162301935163,6.0,103.0,0.9484033082528108,0.7581264739016785,2.0,,0.002921219848692909,0.48949564347055824,2.0262454228092235,,,,,,,,,,0.1909631142954578,0.009962923458779282,0.6471949869352076,0.015479356405996049,0.031144014887421162,0.05217197831914631,0.18598165256606813,,
IterativeModelImputer,ZScoreNormalizationNorm,statistical,cluster_local_median,SelectKBestFilter(k=30),FunctionSampler,absent,absent,xgb,0.04076705679848412,2.7126547430113988,0.04694406179524128,3.0,386.0,0.5594433213478173,0.665715799406803,9.0,,3.5362239066946213,3.030841369929261,2.1832239815208543,,,,,,,,,,0.2335680206321277,0.015139882759372615,0.7056890123917251,0.009069810225671434,0.03894409473449756,0.06482001567850808,0.2259980792524414,,
KNNImputerWrapper(n_neighbors=5),RobustScalerNorm,statistical,none,SelectKBestFilter(k=30),SMOTESampler(k_neighbors=3),absent,absent,xgb,0.006011476368961168,2.855116904622898,0.05966810393743291,9.0,811.0,0.583517358507718,0.9632368666483828,2.0,,0.3329664204225402,0.6046229246023158,1.2207657520733228,,,,,,,,,,0.21237356364706605,0.008874711060514942,0.6740732571524112,0.012481144102830175,0.026683177222109222,0.04178820992646439,0.20793620811680857,,
InterpolateImputer,ZScoreNormalizationNorm,statistical,percentile_clip,SelectKBestFilter(k=20),BorderlineSMOTESampler(k_neighbors=3),absent,absent,xgb,0.010418712412710028,3.1963572569628482,0.03927903278566065,6.0,244.0,0.8912586357514727,0.7063788737463225,16.0,,0.09583640327659054,1.2584906573746129,2.5591132827249865,,,,,,,,,,0.2410662532268509,0.017686306392571342,0.6963778479425363,0.01131882329979961,0.04748924266736368,0.07336699415960131,0.23222310003056523,,
ClassMeanImputer,ZScoreNormalizationNorm,iforest,winsorize,SelectKBestFilter(k=40),BorderlineSMOTESampler(k_neighbors=3),absent,absent,xgb,0.01413158393668975,3.592078054554647,0.10632252403433884,6.0,257.0,0.5227097912437078,0.9426120203152344,2.0,,4.286392260105291,0.5692055186189584,7.436570181326359,,,,,,,,,,0.21373741354520295,0.01575583213777344,0.6737602634715264,0.01711148639020716,0.0403218859061521,0.07371583606461704,0.20585949747631624,,
IterativeModelImputer,ZScoreNormalizationNorm,cluster,cluster_local_median,SelectKBestFilter(k=10),FunctionSampler,absent,absent,xgb,0.06009300163640628,2.0808376023458988,0.03812315982207528,8.0,779.0,0.9905469423890578,0.9886218461400071,1.0,,0.139727084026983,3.9756765176252813,1.9608543443675586,,,,,,,,,,0.19617467827337515,0.020094514141967217,0.6423071389069304,0.0209938649771918,0.05108705055120638,0.10243174256141725,0.18612742120239154,,
IterativeModelImputer,RobustScalerNorm,cluster,cluster_local_median,TreeBasedSelection,SMOTESampler(k_neighbors=3),absent,absent,xgb,0.012559586693141356,2.648638112101835,0.08462537709785443,3.0,266.0,0.8938140170881835,0.7367437933819686,30.0,,0.028915530963918884,3.6192695691411934,1.5064629700937084,,,,,,,,,,0.20808552015650833,0.011294569336636712,0.6708342001217523,0.018756596169953118,0.034433490013808105,0.05427849726469038,0.20243823548818998,,
ClassMeanImputer,ZScoreNormalizationNorm,cluster,winsorize,SelectKBestFilter(k=40),FunctionSampler,absent,absent,xgb,0.12098675409650046,3.740539196354143,0.06999167077847468,8.0,317.0,0.7351034180314222,0.9734568387920536,3.0,,0.28820285521058076,8.8085129220095,1.0409043964531552,,,,,,,,,,0.23477158944749185,0.00933748965675925,0.6972262596431886,0.008437232814197136,0.02820712464634942,0.039772655962052164,0.23010284461911223,,
InterpolateImputer,ZScoreNormalizationNorm,statistical,shrink,SelectKBestFilter(k=20),SMOTESampler(k_neighbors=5),absent,absent,xgb,0.14912672081580267,3.865297363556505,0.026942070738395364,12.0,136.0,0.6407366635979231,0.5301291301834172,50.0,,0.17297703760568575,2.289633559330952,1.6916044041891352,,,,,,,,,,0.2347078031641466,0.014735010967817486,0.698765717406076,0.019591042939851533,0.03925290142029461,0.06278023469680863,0.22734029768023786,,
InterpolateImputer,RobustScalerNorm,statistical,cluster_local_median,SelectKBestFilter(k=10),SMOTESampler(k_neighbors=3),absent,absent,xgb,0.10758647785859152,2.2666255645829363,0.1660793642816787,6.0,209.0,0.8561637621382063,0.5223125796586022,17.0,,0.0025232667318826826,1.6238954118005784,2.3060167211195863,,,,,,,,,,0.1711968834750089,0.014068838621001011,0.6164187812552918,0.025554241921563945,0.03669213541779326,0.08217929167533451,0.1641624641645084,,
KNNImputerWrapper(n_neighbors=5),RobustScalerNorm,statistical,none,SelectKBestFilter(k=40),FunctionSampler,absent,absent,xgb,0.10253249097422777,2.0616515329480842,0.12811883395165627,7.0,520.0,0.5157447544369816,0.7281654226114309,5.0,,0.001875667537279405,2.592150147150502,4.492720602425065,,,,,,,,,,0.23819714512894768,0.024319153975021303,0.681973224410048,0.011070979085592413,0.06399132418289324,0.10209674831264734,0.22603756814143702,,
InterpolateImputer,ZScoreNormalizationNorm,cluster,shrink,TreeBasedSelection,SMOTESampler(k_neighbors=3),absent,absent,xgb,0.07695857041115468,2.5048169486069805,0.11059819718254912,10.0,408.0,0.6098903387848325,0.9223466740180961,5.0,,0.010256674080621512,0.31101987571796014,5.751302779157073,,,,,,,,,,0.21305990270234115,0.017810626307745128,0.6658712871446302,0.018157764606638774,0.04872652668236263,0.08359445433816684,0.2041545895484686,,
KNNImputerWrapper(n_neighbors=5),ZScoreNormalizationNorm,cluster,percentile_clip,SelectKBestFilter(k=20),FunctionSampler,absent,absent,xgb,0.038439184149153656,3.9611504080806075,0.19814473949881192,9.0,454.0,0.6572831138187781,0.7988023444878705,1.0,,0.4367838739845351,0.32841544750842694,1.122372693457407,,,,,,,,,,0.219669480689419,0.018475340594003443,0.6674011445894182,0.009638216895803454,0.045451084215601956,0.08410517717809382,0.21043181039241726,,
ClassMeanImputer,RobustScalerNorm,statistical,mad_replace,TreeBasedSelection,SMOTESampler(k_neighbors=5),absent,absent,xgb,0.02293771814644766,3.3034232600081967,0.01383523739100153,11.0,149.0,0.6308770400566437,0.8028031579444971,11.0,,0.0936837817926844,9.55306811119122,1.903174708464571,,,,,,,,,,0.25092444599748764,0.012974207300004667,0.7060916496792212,0.01447160755935775,0.03661067987168615,0.051705632938348976,0.24443734234748532,,
KNNImputerWrapper(n_neighbors=5),ZScoreNormalizationNorm,cluster,shrink,TreeBasedSelection,SMOTESampler(k_neighbors=5),absent,absent,xgb,0.018007222024776552,3.2107459745466738,0.1283066573493522,4.0,643.0,0.6998960843504899,0.9100330953640803,37.0,,0.005183742053771797,0.788613609968078,8.289068455910225,,,,,,,,,,0.2107340577327061,0.016739117372550495,0.659894168751246,0.015925407089905492,0.04802306442873766,0.07943242564892998,0.20236449904643083,,
MeanImputer,ZScoreNormalizationNorm,cluster,cluster_local_median,SelectKBestFilter(k=20),SMOTESampler(k_neighbors=3),absent,absent,xgb,0.04778862175949263,3.6933486002366838,0.1398016943373809,2.0,306.0,0.6218412275413558,0.5956915042762547,4.0,,0.041635360994102553,6.415561349678921,1.0977440783244152,,,,,,,,,,0.19778619499820224,0.017476879239153524,0.661720884483228,0.01682418481277671,0.04752662557828091,0.08836248272692833,0.18904775537862548,,
MeanImputer,ZScoreNormalizationNorm,statistical,shrink,SelectKBestFilter(k=10),SMOTESampler(k_neighbors=3),absent,absent,xgb,0.02723153663176789,2.993186754430619,0.18658939091585364,3.0,684.0,0.9383780842654159,0.5890072292616695,42.0,,0.35765252756825155,1.4224226769453583,1.3283231881666249,,,,,,,,,,0.19722746944661657,0.01528313545023304,0.6396457394200904,0.017616327367421705,0.041972750883956855,0.07748989272698506,0.18958590172150006,,
InterpolateImputer,ZScoreNormalizationNorm,iforest,none,SelectKBestFilter(k=20),BorderlineSMOTESampler(k_neighbors=3),absent,absent,xgb,0.07020142435486583,3.362296376899126,0.21405208951446508,12.0,191.0,0.7187207953083312,0.5676580329006844,26.0,,0.05961792710097729,0.2476325874458895,1.3845217893338735,,,,,,,,,,0.20897115133794325,0.01573629843968815,0.6612360496633592,0.019658074546968548,0.04696759052392485,0.07530368827915283,0.20110300211809917,,
InterpolateImputer,RobustScalerNorm,iforest,none,SelectKBestFilter(k=30),FunctionSampler,absent,absent,xgb,0.02067466008710223,2.0115826933082444,0.27876973315901804,2.0,234.0,0.9174863178869463,0.8167952615979104,2.0,,0.0073449793812252594,0.366667650152589,3.145599601024727,,,,,,,,,,0.23896945429008287,0.01774772600014298,0.6861724338239865,0.013842542015164024,0.05283824803540599,0.07426775967190843,0.2300955912900114,,
MeanImputer,ZScoreNormalizationNorm,iforest,shrink,SelectKBestFilter(k=30),BorderlineSMOTESampler(k_neighbors=3),absent,absent,xgb,0.04933469724374686,2.1152545199232597,0.018812684609034364,10.0,218.0,0.6808663928090831,0.7719062280242643,1.0,,0.0015839572542094198,0.10988073785718838,1.2019501090746392,,,,,,,,,,0.23486818687748173,0.012710796634615438,0.6992838733411787,0.01903869457208983,0.0282700531273799,0.05411885195522877,0.228512788560174,,
MeanImputer,RobustScalerNorm,iforest,winsorize,SelectKBestFilter(k=10),BorderlineSMOTESampler(k_neighbors=3),absent,absent,xgb,0.028552010608625136,3.705117382131068,0.04556869701366731,4.0,485.0,0.9010452071678703,0.8305056487855287,22.0,,3.1528795054842154,2.4651316440302233,9.564136496720511,,,,,,,,,,0.22593896023482402,0.01563663385692836,0.6766803128905237,0.008995224352596691,0.04093949826902357,0.06920733741837536,0.21812064330635983,,
InterpolateImputer,RobustScalerNorm,cluster,cluster_local_median,SelectKBestFilter(k=40),SMOTESampler(k_neighbors=5),absent,absent,xgb,0.01895572428760294,2.7490084777939168,0.2119900367349144,2.0,110.0,0.7420566206257901,0.5653035260190824,7.0,,0.014405715597848923,7.214847897673502,3.5440438796698266,,,,,,,,,,0.21494944933224974,0.012898399886021454,0.6846500532666268,0.015884538081071254,0.03469768046241811,0.060006666339880936,0.20850024938923903,,
MeanImputer,ZScoreNormalizationNorm,iforest,winsorize,SelectKBestFilter(k=30),SMOTESampler(k_neighbors=5),absent,absent,xgb,0.011397307884692974,2.2866516251584907,0.055339298449318265,9.0,124.0,0.7737260239822805,0.6006611178477202,40.0,,0.5903892632822294,0.16669396521298838,1.4237237051877567,,,,,,,,,,0.22912946039245044,0.010806313464934107,0.6965720447203877,0.019894698088086558,0.03373547307577818,0.04716247944033548,0.2237263036599834,,
KNNImputerWrapper(n_neighbors=5),RobustScalerNorm,iforest,mad_replace,SelectKBestFilter(k=10),SMOTESampler(k_neighbors=3),absent,absent,xgb,0.007055998576980451,2.885400346569321,0.03236511382911345,10.0,229.0,0.9822580828568164,0.6570639440820202,4.0,,0.06687460424084388,0.400502211321602,3.3729822706716033,,,,,,,,,,0.1833630590623167,0.016003991504795975,0.6358751039610221,0.013099940777308527,0.04952894674211983,0.0872803474518657,0.1753610633099187,,
MeanImputer,ZScoreNormalizationNorm,statistical,shrink,SelectKBestFilter(k=40),SMOTESampler(k_neighbors=3),absent,absent,xgb,0.020081579684766714,3.4016646301791855,0.2412334878825752,5.0,115.0,0.5425626025859389,0.8770865115089761,14.0,,0.07557412131475093,1.1083241829432298,1.6278910244545708,,,,,,,,,,0.20937247900386363,0.018675708937304084,0.6644527805286364,0.01410889370785516,0.05534963010543331,0.08919848982138409,0.2000346245352116,,
InterpolateImputer,RobustScalerNorm,iforest,none,SelectKBestFilter(k=40),SMOTESampler(k_neighbors=3),absent,absent,xgb,0.08723521306448616,3.2426739154992816,0.06623771149825462,3.0,349.0,0.6046662490980537,0.8572849415140642,3.0,,0.0013925092224727743,8.156103758563852,1.0130203539248792,,,,,,,,,,0.22960003739383655,0.009607443847426846,0.692563424261716,0.010621526186343936,0.02432492893679669,0.041844260813194235,0.22479631547012313,,
MeanImputer,ZScoreNormalizationNorm,cluster,mad_replace,SelectKBestFilter(k=10),FunctionSampler,absent,absent,xgb,0.030917125114726374,3.8251106540924615,0.011112809854716825,6.0,548.0,0.9257472757484562,0.9066456466006318,9.0,,0.0362782718735778,0.12634825581716538,6.915639167080224,,,,,,,,,,0.22704437267896654,0.026389640473031595,0.6865710446314315,0.019539208250443526,0.0691842560774725,0.11623120256913701,0.21384955244245074,,
KNNImputerWrapper(n_neighbors=5),ZScoreNormalizationNorm,cluster,shrink,SelectKBestFilter(k=20),BorderlineSMOTESampler(k_neighbors=3),absent,absent,xgb,0.009118765885265525,2.177152409307966,0.011450727086327054,5.0,586.0,0.6428834635321065,0.6139815360514755,4.0,,0.11638193723000254,0.7007986394285926,6.229188582164149,,,,,,,,,,0.2309733604893028,0.011464912195948451,0.6889424725789407,0.011557267255944031,0.032920522256424334,0.04963737883737216,0.22524090439132857,,
IterativeModelImputer,ZScoreNormalizationNorm,cluster,percentile_clip,SelectKBestFilter(k=10),SMOTESampler(k_neighbors=5),absent,absent,lgbm,0.020536860279811282,2.1004841836070884,0.18241430938125563,,481.0,0.6219390355758706,0.5227997610520192,,7.0,0.029738366924221514,1.2402069299341194,2.1214670467369268,19.0,,,,,,,,,0.19530183035188864,0.018189056863016553,0.6342445610701339,0.02287690925061277,0.053423222033697454,0.09313305886710886,0.18620730192038037,,
KNNImputerWrapper(n_neighbors=5),ZScoreNormalizationNorm,iforest,mad_replace,SelectKBestFilter(k=30),SMOTESampler(k_neighbors=3),absent,absent,lgbm,0.011906339470898484,3.1854716273860584,0.07299655753573271,,639.0,0.6854575759217622,0.5856561226718355,,32.0,0.011603631148083444,2.2294019770569626,4.9982927123308425,22.0,,,,,,,,,0.19192432130873713,0.017155381419725467,0.6608345832770658,0.020293383900220428,0.05157618933135755,0.08938617733668384,0.1833466305988744,,
InterpolateImputer,RobustScalerNorm,statistical,cluster_local_median,SelectKBestFilter(k=30),SMOTESampler(k_neighbors=5),absent,absent,lgbm,0.07050804187978334,2.4219663727151755,0.0271644953418897,,113.0,0.6126047358240443,0.6641054933299636,,29.0,0.001544193452773369,1.717973827251963,1.3026090686262661,97.0,,,,,,,,,0.2174695220533253,0.014810468042643356,0.6877320487716523,0.015949617261251273,0.03471571872550508,0.06810364920474561,0.2100642880320036,,
ClassMeanImputer,ZScoreNormalizationNorm,statistical,mad_replace,SelectKBestFilter(k=10),FunctionSampler,absent,absent,lgbm,0.020726958696597554,3.393716010034394,0.04409601020037181,,119.0,0.9636157607197732,0.804064129445341,,7.0,0.237975854381156,0.21501340886886278,8.768842163575986,61.0,,,,,,,,,0.21188782884006319,0.02768557166898743,0.6651786870258787,0.022409083616850314,0.07493732313190046,0.1306614533762815,0.19804504300556947,,
MeanImputer,ZScoreNormalizationNorm,statistical,none,SelectKBestFilter(k=10),BorderlineSMOTESampler(k_neighbors=3),absent,absent,lgbm,0.04253649346288466,2.161402491953109,0.057460581649377056,,387.0,0.6760141097349526,0.5143112305338504,,37.0,0.8539322726100341,0.3636315538855092,3.0950413917535893,119.0,,,,,,,,,0.20696733848729001,0.01923869117492966,0.6587735185018466,0.018742226315095516,0.058045044044424704,0.09295520402177428,0.1973479928998252,,
MeanImputer,RobustScalerNorm,iforest,mad_replace,TreeBasedSelection,SMOTESampler(k_neighbors=3),absent,absent,lgbm,0.00542971586736494,3.1502296771653153,0.0862383480114609,,146.0,0.8305732922577427,0.7511309476255887,,16.0,3.1508374426140957,0.5285673202728992,2.5803049156079565,36.0,,,,,,,,,0.23215107744525842,0.012546598058109669,0.6876161818010336,0.01849286182383668,0.03102655413228167,0.054044970181403425,0.2258777784162036,,
IterativeModelImputer,RobustScalerNorm,cluster,shrink,SelectKBestFilter(k=20),BorderlineSMOTESampler(k_neighbors=3),absent,absent,lgbm,0.0186095089514003,2.265654443398657,0.12215612086419748,,917.0,0.5886415551561857,0.856862044114727,,26.0,0.02386771462176825,0.27232826207441624,3.5841568176731,81.0,,,,,,,,,0.21322270597273912,0.02075861640782745,0.6633892391768001,0.022101616395369932,0.05760637061515311,0.0973565001584844,0.2028433977688254,,
MeanImputer,RobustScalerNorm,statistical,mad_replace,TreeBasedSelection,FunctionSampler,absent,absent,lgbm,0.009248915931160225,3.428602296753046,0.1762331540415238,,444.0,0.6550026445740502,0.9580858955764103,,23.0,0.3252338449892837,1.5132216147606912,1.5993749696915966,28.0,,,,,,,,,0.21584762838769517,0.009291204946894551,0.667393513636042,0.01941709130144707,0.026095360129567147,0.04304520284191464,0.2112020259142479,,
ClassMeanImputer,RobustScalerNorm,statistical,winsorize,SelectKBestFilter(k=30),BorderlineSMOTESampler(k_neighbors=3),absent,absent,lgbm,0.012591368954560036,2.8171878212138566,0.24887163375417304,,414.0,0.9003815489155733,0.7064085648936345,,13.0,1.082214000179019,7.871927858157417,3.815553024838068,33.0,,,,,,,,,0.21638182951072693,0.015028295658175718,0.6731979924269218,0.015557511098374582,0.04153878480411599,0.06945266934916411,0.20886768168163908,,
MeanImputer,ZScoreNormalizationNorm,cluster,percentile_clip,TreeBasedSelection,SMOTESampler(k_neighbors=5),absent,absent,lgbm,0.0370381868033122,2.4805319546803113,0.05116307940815616,,175.0,0.647916667161584,0.958824910615284,,81.0,0.0035685635551616574,0.1147798961672312,5.357225702788615,16.0,,,,,,,,,0.23701955977420336,0.013399714207834515,0.6960511343540805,0.021107465731451593,0.03756113028646682,0.056534212706325804,0.2303197026702861,,
KNNImputerWrapper(n_neighbors=5),RobustScalerNorm,statistical,winsorize,SelectKBestFilter(k=10),SMOTESampler(k_neighbors=5),absent,absent,lgbm,0.10916426201033597,2.449970888665053,0.15821739284252373,,483.0,0.7237059825646632,0.6235656183653067,,5.0,1.0437555794429407,0.9605207762018411,5.429957485039008,55.0,,,,,,,,,0.20110700420363847,0.018044182399925238,0.6384007217788696,0.017659097777845474,0.050578300369626406,0.08972428618972376,0.19208491300367586,,
IterativeModelImputer,RobustScalerNorm,iforest,percentile_clip,SelectKBestFilter(k=40),SMOTESampler(k_neighbors=3),absent,absent,lgbm,0.050822436561789724,3.303343548792031,0.2679195409321083,,107.0,0.5281628052087765,0.8457042732436135,,9.0,0.006344711329834975,0.15679012728068425,2.005631587253346,16.0,,,,,,,,,0.21569031936710573,0.011623902091787593,0.66480980223827,0.019030836400819946,0.02984492042190867,0.053891626318210734,0.20987836832121193,,
InterpolateImputer,RobustScalerNorm,cluster,cluster_local_median,SelectKBestFilter(k=10),SMOTESampler(k_neighbors=5),absent,absent,lgbm,0.11335200697936035,3.676867310769393,0.01323962974279023,,150.0,0.5076128393396449,0.7494268761907862,,22.0,0.051603581234828486,0.44846049788956616,2.330614893790746,34.0,,,,,,,,,0.22953144879113943,0.020409423742079297,0.685022797741152,0.01766586664180677,0.050800045951627626,0.08891776638699611,0.2193267369200998,,
MeanImputer,RobustScalerNorm,iforest,none,SelectKBestFilter(k=30),SMOTESampler(k_neighbors=3),absent,absent,lgbm,0.014846433114002017,2.6463497825461544,0.06856036353179085,,201.0,0.7617437131317495,0.673050544151107,,50.0,0.001241597943261941,0.4261825957417029,2.686358139571487,76.0,,,,,,,,,0.23071614783766292,0.013929693299057909,0.6869777834223968,0.014709336957581583,0.0351572573460428,0.0603758923231466,0.22375130118813397,,
KNNImputerWrapper(n_neighbors=5),ZScoreNormalizationNorm,iforest,cluster_local_median,SelectKBestFilter(k=20),FunctionSampler,absent,absent,lgbm,0.006581708600041678,2.983084309395479,0.03837735168399649,,167.0,0.570796981347711,0.6071004705871433,,8.0,0.0019955155827954796,6.226287361149002,2.263606814743625,25.0,,,,,,,,,0.23094069220533786,0.01801379503143117,0.6884547774912598,0.009942614153556678,0.053443177887461724,0.07800182314953158,0.22193379468962227,,
InterpolateImputer,ZScoreNormalizationNorm,cluster,shrink,SelectKBestFilter(k=20),FunctionSampler,absent,absent,lgbm,0.06287315150684823,2.269100450081125,0.04867204252954777,,873.0,0.7504933570145849,0.9888337245354282,,21.0,0.7330585131851048,0.38143143380764183,2.7413935323833645,108.0,,,,,,,,,0.234755062742742,0.01694646805888823,0.6721241112404372,0.006599976246842919,0.04479990088259453,0.07218787045908841,0.22628182871329788,,
InterpolateImputer,RobustScalerNorm,statistical,shrink,SelectKBestFilter(k=10),BorderlineSMOTESampler(k_neighbors=3),absent,absent,lgbm,0.007975593355380837,2.9529446528904675,0.015637878898323083,,154.0,0.9746388141155884,0.8605392698772834,,43.0,0.05938862436043598,0.11778590111328825,2.8766964313921735,24.0,,,,,,,,,0.23569156995831758,0.01604253720447768,0.6885025848246917,0.019117445618122446,0.04739338001011567,0.06806580823961939,0.22767030135607874,,
ClassMeanImputer,RobustScalerNorm,iforest,mad_replace,SelectKBestFilter(k=40),SMOTESampler(k_neighbors=3),absent,absent,lgbm,0.03963182689074893,3.117188207871501,0.06009446281385775,,293.0,0.6962483563734436,0.632014044686155,,17.0,0.0021719155219168088,2.381287681335552,3.276255976132416,91.0,,,,,,,,,0.20391066744758346,0.013638756070687126,0.6763370700354325,0.011943758165309673,0.037653217732728894,0.06688593706944271,0.19709128941223988,,
InterpolateImputer,ZScoreNormalizationNorm,statistical,percentile_clip,SelectKBestFilter(k=30),FunctionSampler,absent,absent,lgbm,0.02437644418410415,3.801163741059244,0.04171323866881905,,795.0,0.5206341949143066,0.5784259443108888,,20.0,0.09853481030769232,2.074360753975664,3.836051237698078,18.0,,,,,,,,,0.2316013155014764,0.02829512137126059,0.6771031261186528,0.02347773970360423,0.08756506965949207,0.12217167812710554,0.21745375481584608,,
IterativeModelImputer,RobustScalerNorm,cluster,shrink,SelectKBestFilter(k=20),SMOTESampler(k_neighbors=5),absent,absent,lgbm,0.052057101020114696,2.196150215035472,0.053620079408358855,,718.0,0.773914084074802,0.8796679106136456,,83.0,0.022256854377076776,3.7980634334892094,4.081285205258684,73.0,,,,,,,,,0.21548485543132853,0.020742354107682437,0.6599324507899965,0.018645919551903627,0.05915830824684512,0.09625898797464531,0.2051136783774873,,
MeanImputer,ZScoreNormalizationNorm,iforest,winsorize,SelectKBestFilter(k=30),SMOTESampler(k_neighbors=3),absent,absent,lgbm,0.03412485707872576,2.6144269795124786,0.02442198532025437,,502.0,0.51390485115431,0.7267847890752305,,36.0,0.03290245606212754,0.17886523085153094,2.1946957855574034,40.0,,,,,,,,,0.22323279312239658,0.011486466091232219,0.6807360828880157,0.01841148519497673,0.03247799263247822,0.05145510178217539,0.21748956007678047,,
InterpolateImputer,RobustScalerNorm,statistical,none,SelectKBestFilter(k=40),FunctionSampler,absent,absent,lgbm,0.011690379008379012,2.22710416165807,0.014290208660241454,,226.0,0.9935348963457672,0.9948221995071981,,24.0,2.071913360178148,0.2576694538756947,1.2137403100476376,44.0,,,,,,,,,0.26604090479691667,0.011560022629625598,0.7097779333620565,0.008862160661198597,0.0349182423410315,0.043452049745696004,0.26026089348210385,,
MeanImputer,ZScoreNormalizationNorm,iforest,shrink,SelectKBestFilter(k=20),BorderlineSMOTESampler(k_neighbors=3),absent,absent,lgbm,0.005649740978881311,2.397853105225738,0.166068872100869,,233.0,0.7953156054347422,0.8968050263066808,,76.0,3.790573229761883,0.7951617480483539,1.0854094747499001,11.0,,,,,,,,,0.21440752326777668,0.027259925003350467,0.6713883029917194,0.02317109292289116,0.08461283570552336,0.12714071123943327,0.20077756076610145,,
IterativeModelImputer,RobustScalerNorm,statistical,winsorize,SelectKBestFilter(k=20),BorderlineSMOTESampler(k_neighbors=3),absent,absent,lgbm,0.05725850537792272,3.782161113547793,0.07168342292195709,,195.0,0.9573183371222367,0.6934699578822573,,34.0,0.0023479825680275987,0.1335666042938682,1.1328189406432017,10.0,,,,,,,,,0.23367343370274715,0.013316864144677795,0.6954831173194777,0.008776773958164126,0.03470413074103157,0.0569892089728009,0.22701500163040825,,
IterativeModelImputer,ZScoreNormalizationNorm,statistical,cluster_local_median,SelectKBestFilter(k=40),FunctionSampler,absent,absent,lgbm,0.017629148943589235,2.3210305475034865,0.20778729828235432,,187.0,0.8908840623889673,0.9034069881745146,,31.0,2.5277396845024973,1.6729740300462157,6.67751237173494,9.0,,,,,,,,,0.202434222680472,0.018714467274856043,0.6590656677298556,0.01609171746568199,0.045436571645356055,0.09244715160833006,0.193076989043044,,
IterativeModelImputer,ZScoreNormalizationNorm,cluster,none,SelectKBestFilter(k=40),SMOTESampler(k_neighbors=5),absent,absent,lgbm,0.0431177284146299,2.0867319039961854,0.09675689907696366,,378.0,0.8399173370595712,0.7385214480408743,,86.0,4.462760672061089,4.312150425187122,4.218796954276528,52.0,,,,,,,,,0.23165222333562735,0.007271752187526138,0.6860555835107103,0.01364732925556549,0.021086290859705537,0.031390815433662046,0.2280163472418643,,
InterpolateImputer,RobustScalerNorm,iforest,mad_replace,SelectKBestFilter(k=30),SMOTESampler(k_neighbors=3),absent,absent,lgbm,0.024959727351776446,3.5176688873768795,0.01341270569245657,,553.0,0.6273487473234354,0.8296418313078565,,41.0,0.008077338140089405,2.9887414466329085,5.835679090413614,102.0,,,,,,,,,0.21251223566898841,0.01361049207032609,0.6862563461773427,0.016203716966466355,0.0379518331038301,0.0640456867223681,0.20570698963382536,,
KNNImputerWrapper(n_neighbors=5),RobustScalerNorm,iforest,shrink,TreeBasedSelection,BorderlineSMOTESampler(k_neighbors=3),absent,absent,lgbm,0.05520831255214732,3.7595413785485103,0.011420938894681142,,571.0,0.8060027366939053,0.5949878863838567,,56.0,0.009086470359128287,0.14115409738460002,6.346550192327991,93.0,,,,,,,,,0.2284619644196299,0.015766381439304117,0.6935018345905115,0.015965365753730677,0.04171696676197473,0.069010968540676,0.22057877369997786,,
KNNImputerWrapper(n_neighbors=5),RobustScalerNorm,statistical,none,SelectKBestFilter(k=20),FunctionSampler,absent,absent,lgbm,0.03525549775578917,2.922692842432661,0.03641298501298919,,284.0,0.7361157264858587,0.552869910761016,,18.0,0.004158574591159523,0.611457911596395,1.6594730485153597,25.0,,,,,,,,,0.2434593149335958,0.016855113686344583,0.6966596948476059,0.014268433102815626,0.04664279057389867,0.06923174695920697,0.2350317580904235,,
KNNImputerWrapper(n_neighbors=5),ZScoreNormalizationNorm,cluster,cluster_local_median,SelectKBestFilter(k=30),SMOTESampler(k_neighbors=5),absent,absent,lgbm,0.07986565990169733,3.210659818030911,0.06322821802514456,,660.0,0.777675179251933,0.5044186621263026,,46.0,0.12892146048373798,8.271892428638097,3.3199352617220814,12.0,,,,,,,,,0.2006278600707049,0.009964320959487112,0.674487448046283,0.016801457279250892,0.029034711774039684,0.04966568928151606,0.19564569959096134,,
IterativeModelImputer,RobustScalerNorm,cluster,percentile_clip,TreeBasedSelection,SMOTESampler(k_neighbors=5),absent,absent,lgbm,0.014478952806247664,3.4547791209037175,0.11686472079238701,,318.0,0.7072457781839372,0.8837477567675884,,14.0,0.5160439797558536,0.7504043830121321,3.035440583688296,37.0,,,,,,,,,0.22816559109108153,0.012028247342762383,0.6761393002672977,0.01576845834207912,0.031143351115896584,0.05271718353869064,0.22215146741970035,,
ClassMeanImputer,RobustScalerNorm,cluster,shrink,SelectKBestFilter(k=20),SMOTESampler(k_neighbors=5),absent,absent,lgbm,0.008329615127297046,3.6178631617212376,0.027967213374518185,,164.0,0.5965543837312728,0.9325451913415612,,94.0,0.1569435565593017,1.3638568513945177,2.4938805416081307,8.0,,,,,,,,,0.24233227915523403,0.017017876572323357,0.7036649944482671,0.016015814598710838,0.04416445754129722,0.070225380752607,0.23382334086907236,,
IterativeModelImputer,RobustScalerNorm,cluster,cluster_local_median,SelectKBestFilter(k=20),SMOTESampler(k_neighbors=3),absent,absent,lgbm,0.09467238795161569,3.955387423453444,0.0189544970472077,,210.0,0.843082238018342,0.8109428258229563,,13.0,1.3651758391736515,4.298327236980435,9.351664922959316,30.0,,,,,,,,,0.23145430423722307,0.021562825015123074,0.6902671999224044,0.01416317155929302,0.058169638723314515,0.09316234185484326,0.22067289172966154,,
MeanImputer,ZScoreNormalizationNorm,statistical,shrink,SelectKBestFilter(k=20),BorderlineSMOTESampler(k_neighbors=3),absent,absent,lgbm,0.01630939021839576,3.346722127815025,0.08507107192930727,,521.0,0.983796531464325,0.5276955870973624,,8.0,1.516731053041122,1.9462190778393202,1.4982916030686901,128.0,,,,,,,,,0.2165020563151276,0.02007542002834984,0.6826267534044554,0.01612508586191031,0.06317447217076805,0.09272623258196332,0.20646434630095267,,
InterpolateImputer,ZScoreNormalizationNorm,statistical,winsorize,SelectKBestFilter(k=10),SMOTESampler(k_neighbors=5),absent,absent,lgbm,0.02732181447181468,3.888843699624351,0.2910054037352737,,345.0,0.8508726680757995,0.8243538636821166,,54.0,0.01052010466818537,1.1426641994897873,5.956566348518964,10.0,,,,,,,,,0.1965108867732081,0.016046827688554956,0.6393486855361281,0.02273619857353071,0.04564609441332548,0.08165872106146715,0.18848747292893062,,
ClassMeanImputer,RobustScalerNorm,statistical,mad_replace,SelectKBestFilter(k=30),FunctionSampler,absent,absent,lgbm,0.13878679708803893,3.4892378228645122,0.012108004472242957,,610.0,0.5395028963352457,0.9350295112638599,,14.0,0.11740693834638682,2.717308820348889,6.867813804515195,47.0,,,,,,,,,0.21118269861342914,0.0135985316256823,0.6821181776918938,0.0161574348035126,0.03864690566180143,0.06439226184231348,0.204383432800588,,
ClassMeanImputer,RobustScalerNorm,cluster,mad_replace,SelectKBestFilter(k=10),BorderlineSMOTESampler(k_neighbors=3),absent,absent,lgbm,0.007654616079655497,3.0608729663099874,0.040047009991833915,,308.0,0.6381491217768406,0.9086297137757269,,7.0,0.18473268087136435,7.1239776349684325,3.5103064586156494,69.0,,,,,,,,,0.18989774764282524,0.02172818090118418,0.6390100793962116,0.02227345134347223,0.06484247951557837,0.1144204245226345,0.17903365719223316,,
KNNImputerWrapper(n_neighbors=5),ZScoreNormalizationNorm,iforest,mad_replace,SelectKBestFilter(k=10),FunctionSampler,absent,absent,lgbm,0.09805181615961295,3.0071923205170537,0.03283325757870011,,256.0,0.7317020977769664,0.7087048321954793,,6.0,0.4292861364041618,9.856240841288363,1.7360460385813183,13.0,,,,,,,,,0.23324962788998196,0.019500888671064278,0.691835982463812,0.016363811713941988,0.05754577783073089,0.08360522950228397,0.22349918355444984,,
MeanImputer,RobustScalerNorm,iforest,cluster_local_median,TreeBasedSelection,FunctionSampler,absent,absent,lgbm,0.010001722510134186,3.6492965476263235,0.016893383805838255,,331.0,0.9823061162469884,0.8676594553715458,,15.0,0.0051134089145976735,2.6339868974144824,1.1799061737958796,44.0,,,,,,,,,0.2441396782738475,0.01471100236301243,0.6984397754870628,0.02025725794836522,0.04521626439198273,0.060256499340968814,0.23678417709234129,,
ClassMeanImputer,RobustScalerNorm,cluster,winsorize,SelectKBestFilter(k=30),BorderlineSMOTESampler(k_neighbors=3),absent,absent,lgbm,0.08933765563470135,2.542335106252233,0.021874539023757304,,104.0,0.8982089383368556,0.5612448787390963,,59.0,1.734454760156491,3.6021427026630284,4.334556170413905,28.0,,,,,,,,,0.25459270198438194,0.013530042920746145,0.7112384490730319,0.02137072315355075,0.037187668911661836,0.05314387574855209,0.24782768052400886,,
IterativeModelImputer,RobustScalerNorm,statistical,none,TreeBasedSelection,BorderlineSMOTESampler(k_neighbors=3),absent,absent,lgbm,0.009698481822912912,2.769590547305766,0.01048719836410133,,412.0,0.9254196862521455,0.9194347632774553,,10.0,0.0013524779066839052,0.3082290487479458,7.127777727640406,31.0,,,,,,,,,0.24477972223465377,0.024694934778195583,0.69032781616476,0.025774725445698456,0.07288088032825019,0.10088635836641002,0.232432254845556,,
ClassMeanImputer,RobustScalerNorm,cluster,mad_replace,SelectKBestFilter(k=20),SMOTESampler(k_neighbors=3),absent,absent,lgbm,0.12643702923801167,2.710831325262486,0.11154410479876829,,270.0,0.5761410036875463,0.7894021799282622,,96.0,0.018761985507788518,1.347551212015448,4.5569132430472825,12.0,,,,,,,,,0.1952884017416486,0.012937427620255869,0.660871502836957,0.017113037281301206,0.03699319362868195,0.066247803273904,0.18881968793152068,,
InterpolateImputer,ZScoreNormalizationNorm,iforest,none,SelectKBestFilter(k=40),SMOTESampler(k_neighbors=3),absent,absent,lgbm,0.005061294813177981,3.585446960941303,0.14600995180308093,,356.0,0.9123094102646672,0.7174828673958814,,12.0,0.46020140394394105,6.402508533944792,1.9541317712376898,49.0,,,,,,,,,0.2258042428467336,0.0164010231031086,0.6818828895162274,0.014364327095035068,0.049888526834875546,0.07263381279438988,0.2176037312951793,,
KNNImputerWrapper(n_neighbors=5),ZScoreNormalizationNorm,iforest,percentile_clip,TreeBasedSelection,BorderlineSMOTESampler(k_neighbors=3),absent,absent,lgbm,0.022088891136815145,3.722753272718151,0.23605977581592685,,682.0,0.91862578666701,0.7626851976906388,,61.0,0.06154486529138456,0.18777390856427834,8.561053339472357,116.0,,,,,,,,,0.23003186198659814,0.015530979330378654,0.6750373790783266,0.01355093477027129,0.047673010717697695,0.067516643982491,0.2222663723214088,,
IterativeModelImputer,ZScoreNormalizationNorm,cluster,winsorize,TreeBasedSelection,SMOTESampler(k_neighbors=3),absent,absent,lgbm,0.13165325697475694,2.059831675165168,0.07786701239622344,,127.0,0.5624427545249087,0.7734720666956427,,11.0,0.04168661526395059,0.47248421684307046,1.9042174849537143,11.0,,,,,,,,,0.23187284132855498,0.013249933944441095,0.6876640159285434,0.012481984239376548,0.0392310773729041,0.05714310424853268,0.22524787435633445,,
InterpolateImputer,ZScoreNormalizationNorm,iforest,none,TreeBasedSelection,SMOTESampler(k_neighbors=5),absent,absent,lgbm,0.007173731229243936,3.5353009854140574,0.03412121278695216,,280.0,0.8721246556535808,0.9452226850852055,,68.0,0.35204252609135284,0.32668536740712717,1.5627847747257846,60.0,,,,,,,,,0.25442856069650305,0.024105894688281518,0.6933309633971462,0.019285084842122723,0.06480075985217099,0.09474523859385586,0.2423756133523623,,
MeanImputer,RobustScalerNorm,cluster,cluster_local_median,TreeBasedSelection,FunctionSampler,absent,absent,lgbm,0.029255891027650277,3.970909260120634,0.020438446417131412,,244.0,0.743014638499757,0.8363529790430645,,10.0,0.07502888110081946,0.16553991456784067,1.0789092017972652,65.0,,,,,,,,,0.2439277441203897,0.018104617082438473,0.7005370109276968,0.021775388926561477,0.05516592444214943,0.0742212295191112,0.23487543557917046,,
KNNImputerWrapper(n_neighbors=5),ZScoreNormalizationNorm,cluster,cluster_local_median,SelectKBestFilter(k=40),SMOTESampler(k_neighbors=5),absent,absent,lgbm,0.03181362046713866,2.765636935501667,0.03080024325628696,,972.0,0.6660665448122692,0.5384274186098891,,73.0,0.005843160400812882,9.168500886974169,4.756635255345671,14.0,,,,,,,,,0.2072486100198177,0.018400924315482424,0.6762633782830783,0.016543777720033813,0.05349902914766519,0.08878672003504813,0.1980481478620765,,
KNNImputerWrapper(n_neighbors=5),RobustScalerNorm,iforest,percentile_clip,SelectKBestFilter(k=10),SMOTESampler(k_neighbors=5),absent,absent,lgbm,0.028311515967415966,3.245367258191063,0.19490219380918164,,848.0,0.8109574953064078,0.6528769707367494,,29.0,0.2862593300152976,0.8985240079922413,8.016656740946024,10.0,,,,,,,,,0.18379857677804892,0.016718493695032467,0.6284248645827304,0.018993824589438473,0.045609575521696505,0.09096095295243417,0.17543932993053268,,
ClassMeanImputer,ZScoreNormalizationNorm,statistical,winsorize,SelectKBestFilter(k=40),FunctionSampler,absent,absent,lgbm,0.01066523219102163,2.6771525676432315,0.2155034055371535,,454.0,0.7837674975963176,0.6752443271979738,,48.0,0.0028402027717366737,5.282695686161118,1.4364745011505098,14.0,,,,,,,,,0.2183434593037886,0.019123670260715275,0.6683804413413329,0.006368364520289993,0.052607281462610594,0.0875852673658883,0.20878162417343096,,
IterativeModelImputer,RobustScalerNorm,cluster,percentile_clip,SelectKBestFilter(k=20),SMOTESampler(k_neighbors=3),absent,absent,lgbm,0.06690041989123585,2.877635596718004,0.024812081271512812,,216.0,0.5445137227326374,0.5668841130409883,,11.0,0.00110883857225195,1.0442768145285057,9.887410967612535,15.0,,,,,,,,,0.24302049814096258,0.00521831385167918,0.6974703389558027,0.010859572351647646,0.013796462721733377,0.02147273127821641,0.24041134121512298,,
ClassMeanImputer,ZScoreNormalizationNorm,statistical,none,SelectKBestFilter(k=40),SMOTESampler(k_neighbors=3),absent,absent,lgbm,0.1468274511684967,2.593918543868868,0.018520252322781924,,774.0,0.8605457456895735,0.7966798255163654,,9.0,0.08513004973838488,0.6876897762344731,1.3599771769248301,23.0,,,,,,,,,0.23174898126847765,0.011854659078462166,0.6832403351081731,0.010148577019583193,0.031045152539961374,0.05115301484207486,0.22582165172924656,,
ClassMeanImputer,ZScoreNormalizationNorm,cluster,shrink,SelectKBestFilter(k=10),FunctionSampler,absent,absent,lgbm,0.07548618361309628,3.2960531732646388,0.14279744799547964,,134.0,0.6726618788116248,0.9747570205315513,,5.0,2.159430326648549,0.2497088444075516,1.7907333464948378,21.0,,,,,,,,,0.21203340582790492,0.009538298501344012,0.6645080647494969,0.006794788305905891,0.027878384111748755,0.044984885584895475,0.2072642565772329,,
InterpolateImputer,ZScoreNormalizationNorm,statistical,winsorize,SelectKBestFilter(k=30),SMOTESampler(k_neighbors=3),absent,absent,lgbm,0.10140851928343704,3.857947620680263,0.13198157417622652,,744.0,0.8220446497252263,0.7822781154142591,,11.0,0.003597225432722545,5.5226589233169285,1.0070039089259752,56.0,,,,,,,,,0.21749560808655194,0.013208593743393893,0.6853273325316545,0.012994632314877715,0.03470564782748187,0.060730392947233945,0.210891311214855,,
MeanImputer,ZScoreNormalizationNorm,cluster,percentile_clip,SelectKBestFilter(k=40),SMOTESampler(k_neighbors=5),absent,absent,lgbm,0.01694730946453583,2.504489187792559,0.016559366411983092,,179.0,0.938067173120408,0.549826884597835,,39.0,0.03973815429228248,0.10016047453581187,5.051118449572258,42.0,,,,,,,,,0.24686092726801906,0.01761725523508806,0.7020996536061613,0.020902651081748057,0.05323562981928173,0.07136510192218816,0.23805229965047503,,
ClassMeanImputer,ZScoreNormalizationNorm,iforest,none,SelectKBestFilter(k=40),BorderlineSMOTESampler(k_neighbors=3),absent,absent,lgbm,0.0136918301275805,2.350384954089683,0.2559966781536327,,957.0,0.5551629703159106,0.6112620604686116,,6.0,0.014400098387000251,3.3090441770068417,7.90151319461833,78.0,,,,,,,,,0.23913047730535153,0.01729520287529064,0.6985556210224192,0.010071407378090785,0.05334657603010723,0.07232538098105318,0.23048287586770622,,
MeanImputer,ZScoreNormalizationNorm,iforest,percentile_clip,TreeBasedSelection,FunctionSampler,absent,absent,lgbm,0.006758713050818082,3.0814743294481337,0.09451391028602676,,110.0,0.8752999747188774,0.9828013928826097,,19.0,3.3467653733584113,0.23248782852444716,6.302041327684074,17.0,,,,,,,,,0.25777905650424093,0.018720951306388216,0.7047982955215307,0.015043047046622,0.053856075942405546,0.07262401981085777,0.24841858085104682,,
InterpolateImputer,RobustScalerNorm,iforest,winsorize,SelectKBestFilter(k=30),SMOTESampler(k_neighbors=3),absent,absent,lgbm,0.08391256982267208,3.90214391515514,0.022639810584966485,,136.0,0.6082312176679311,0.6358245327501577,,25.0,0.6312438667616562,4.70570946228709,1.3447431520775188,86.0,,,,,,,,,0.23925008918781288,0.022902532820891622,0.7021662529661044,0.022912240117187944,0.07134804383187829,0.09572632929266323,0.22779882277736707,,
KNNImputerWrapper(n_neighbors=5),ZScoreNormalizationNorm,iforest,shrink,SelectKBestFilter(k=40),BorderlineSMOTESampler(k_neighbors=3),absent,absent,lgbm,0.006241512750023334,2.8337937979432395,0.010784273062015235,,124.0,0.9454917990794801,0.6836633842317545,,6.0,0.016492574945048844,0.638643519825423,7.461796580155559,20.0,,,,,,,,,0.24794182468136167,0.02423498493647305,0.7014441050081347,0.017373661733400755,0.06697816297209142,0.09774464218619928,0.23582433221312515,,
KNNImputerWrapper(n_neighbors=5),ZScoreNormalizationNorm,statistical,cluster_local_median,SelectKBestFilter(k=10),BorderlineSMOTESampler(k_neighbors=3),absent,absent,lgbm,0.047149503042802875,2.008399456121128,0.10285585054573439,,592.0,0.7108106109563801,0.6447786516917583,,66.0,0.20064981262657153,0.561727693527467,9.087432161764255,9.0,,,,,,,,,0.1874658487784037,0.01075695820634684,0.6453562299446327,0.0195169682981918,0.027658211521618126,0.05738089511472692,0.18208736967523026,,
ClassMeanImputer,RobustScalerNorm,iforest,none,SelectKBestFilter(k=30),SMOTESampler(k_neighbors=5),sqrt,absent,rf,0.009021617854872628,2.1158596402245817,,3.0,526.0,,,,,,,,,3.0,,,,,,,,0.2518647586542098,0.00977247485099286,0.7144633601702817,0.013711160401713867,0.024987527597760212,0.038800485241405634,0.2469785212287134,,
KNNImputerWrapper(n_neighbors=5),ZScoreNormalizationNorm,statistical,cluster_local_median,TreeBasedSelection,SMOTESampler(k_neighbors=3),sqrt,absent,rf,0.03648184898529958,2.882593106519219,,10.0,581.0,,,,,,,,,13.0,,,,,,,,0.25745619156997274,0.01818541403921823,0.7097151387611704,0.019383145899493803,0.0495523801539246,0.07063498426013075,0.2483634845503636,,
KNNImputerWrapper(n_neighbors=5),RobustScalerNorm,statistical,cluster_local_median,SelectKBestFilter(k=40),SMOTESampler(k_neighbors=3),0.5,absent,rf,0.11493018303660794,2.230342313245953,,14.0,398.0,,,,,,,,,31.0,,,,,,,,0.2308248757960946,0.010018226723021967,0.6998435225852642,0.009836498836851088,0.02928613534069391,0.043401850378864015,0.22581576243458362,,
KNNImputerWrapper(n_neighbors=5),ZScoreNormalizationNorm,cluster,shrink,TreeBasedSelection,BorderlineSMOTESampler(k_neighbors=3),sqrt,absent,rf,0.040742748769220974,3.841130897434378,,5.0,151.0,,,,,,,,,20.0,,,,,,,,0.24679850030277528,0.006389213957835454,0.7087041794474418,0.014460358665508202,0.018067612861279725,0.025888382425327105,0.24360389332385757,,
ClassMeanImputer,RobustScalerNorm,iforest,mad_replace,SelectKBestFilter(k=30),BorderlineSMOTESampler(k_neighbors=3),0.5,absent,rf,0.06340888940402835,3.649173881949138,,9.0,227.0,,,,,,,,,4.0,,,,,,,,0.22522545183265175,0.023146602504729965,0.7013052185753696,0.023107652529242344,0.07035107435458171,0.10277081171948756,0.21365215058028678,,
MeanImputer,ZScoreNormalizationNorm,cluster,shrink,TreeBasedSelection,SMOTESampler(k_neighbors=3),log2,absent,rf,0.14822546097390998,2.3617204646008982,,11.0,374.0,,,,,,,,,2.0,,,,,,,,0.21822401537782027,0.010310562011333542,0.6908293517333626,0.009174882844794919,0.029604867983211908,0.04724760468494927,0.21306873437215348,,
IterativeModelImputer,RobustScalerNorm,iforest,none,SelectKBestFilter(k=10),SMOTESampler(k_neighbors=5),sqrt,absent,rf,0.005993067308645934,2.756780113971588,,7.0,784.0,,,,,,,,,4.0,,,,,,,,0.24373180184033352,0.014544617408188146,0.6903283158743123,0.016807343860604784,0.04245966686749569,0.05967468052329171,0.23645949313623946,,
InterpolateImputer,RobustScalerNorm,iforest,cluster_local_median,SelectKBestFilter(k=40),FunctionSampler,log2,absent,rf,0.017460922569721333,3.3889633744295447,,17.0,326.0,,,,,,,,,9.0,,,,,,,,0.24275231655254426,0.022625204420347416,0.7172710673796036,0.01910460241264425,0.06298398201852812,0.09320283629693042,0.23143971434237054,,
ClassMeanImputer,ZScoreNormalizationNorm,cluster,percentile_clip,SelectKBestFilter(k=20),BorderlineSMOTESampler(k_neighbors=3),0.5,absent,rf,0.08627429987091736,2.9010044964369803,,6.0,102.0,,,,,,,,,24.0,,,,,,,,0.2426537384384344,0.012501792683541822,0.7097639830254158,0.018219837191510685,0.034876686196738366,0.05152112126520462,0.23640284209666348,,
InterpolateImputer,ZScoreNormalizationNorm,cluster,winsorize,SelectKBestFilter(k=30),BorderlineSMOTESampler(k_neighbors=3),0.5,absent,rf,0.0071147781541038395,3.1875106499102,,14.0,903.0,,,,,,,,,7.0,,,,,,,,0.24410489283088146,0.02414788168023018,0.707729542185668,0.025655837938909288,0.07369591736433917,0.09892420180598387,0.23203095199076637,,
IterativeModelImputer,RobustScalerNorm,iforest,shrink,SelectKBestFilter(k=10),SMOTESampler(k_neighbors=5),sqrt,absent,rf,0.030015996029397647,3.9299033952346663,,21.0,694.0,,,,,,,,,45.0,,,,,,,,0.24959324956563664,0.012163393095757296,0.6925179319366117,0.015188433913860057,0.035089582574520994,0.04873286083227437,0.24351155301775798,,
MeanImputer,ZScoreNormalizationNorm,statistical,percentile_clip,SelectKBestFilter(k=40),SMOTESampler(k_neighbors=5),0.5,absent,rf,0.04885721425543659,3.55576395760286,,18.0,219.0,,,,,,,,,17.0,,,,,,,,0.24031681181833237,0.01741544334139374,0.7001590375888759,0.020826176670614115,0.04917362134456471,0.07246868502299769,0.2316090901476355,,
InterpolateImputer,ZScoreNormalizationNorm,statistical,winsorize,TreeBasedSelection,FunctionSampler,log2,absent,rf,0.020691787734184505,2.410466693888574,,12.0,114.0,,,,,,,,,2.0,,,,,,,,0.24858821875108417,0.019203486779806333,0.7099194382460811,0.017455521381676917,0.05524339706127157,0.07725018859013237,0.238986475361181,,
MeanImputer,ZScoreNormalizationNorm,statistical,mad_replace,SelectKBestFilter(k=10),SMOTESampler(k_neighbors=5),log2,absent,rf,0.01098787561307614,2.0992835708889266,,,284.0,,,,,,,,,8.0,,,,,,,,0.20666931102088287,0.02337070138830542,0.6538441878822174,0.017162596929035986,0.06004442668217855,0.11308259205424036,0.19498396032673015,,
MeanImputer,RobustScalerNorm,statistical,winsorize,SelectKBestFilter(k=30),FunctionSampler,0.5,absent,rf,0.015810778773842626,3.454542855949774,,20.0,161.0,,,,,,,,,11.0,,,,,,,,0.26695175507018193,0.007106913070739199,0.7174423177091707,0.02103137658253072,0.019378301188846203,0.026622462432849648,0.26339829853481234,,
IterativeModelImputer,RobustScalerNorm,cluster,mad_replace,SelectKBestFilter(k=20),FunctionSampler,0.5,absent,rf,0.10574900023025531,3.749803794364015,,23.0,819.0,,,,,,,,,1.0,,,,,,,,0.22685232487919485,0.028830975531860693,0.6876588366332921,0.021566008659654214,0.07813094660396463,0.12709138223385627,0.2124368371132645,,
InterpolateImputer,ZScoreNormalizationNorm,iforest,shrink,SelectKBestFilter(k=40),SMOTESampler(k_neighbors=3),log2,absent,rf,0.02372212851744169,3.288261662975506,,24.0,480.0,,,,,,,,,6.0,,,,,,,,0.23787326453295385,0.019032281426382212,0.7098179288820867,0.013829441386027864,0.05842318581994002,0.0800101745933939,0.22835712381976275,,
IterativeModelImputer,RobustScalerNorm,cluster,none,SelectKBestFilter(k=20),BorderlineSMOTESampler(k_neighbors=3),log2,absent,rf,0.06519416724394583,2.6841317652241576,,3.0,196.0,,,,,,,,,1.0,,,,,,,,0.25657277500533315,0.015456485795666393,0.7163823654240645,0.014659037841140752,0.03797548969826425,0.06024211179594215,0.24884453210749996,,
KNNImputerWrapper(n_neighbors=5),RobustScalerNorm,iforest,winsorize,SelectKBestFilter(k=10),SMOTESampler(k_neighbors=3),sqrt,absent,rf,0.005645717411747973,2.520880574222037,,,259.0,,,,,,,,,40.0,,,,,,,,0.25029930457783767,0.014574833139473012,0.6940655592138404,0.01352067535072783,0.04283848086403402,0.05822961899177213,0.24301188800810117,,
ClassMeanImputer,ZScoreNormalizationNorm,statistical,mad_replace,SelectKBestFilter(k=20),FunctionSampler,log2,absent,rf,0.0137255468671959,3.050623110358196,,16.0,132.0,,,,,,,,,2.0,,,,,,,,0.22342929108205292,0.025641995267950145,0.6927640683645538,0.01810173415606379,0.07503808035443504,0.11476559382061188,0.21060829344807785,,
InterpolateImputer,RobustScalerNorm,statistical,cluster_local_median,SelectKBestFilter(k=30),SMOTESampler(k_neighbors=5),absent,absent,catboost,0.04711082007348478,3.7925837360957786,0.2150619122787973,,,,,,,,,,,,135.0,5.0,1.1585028131908655,,,,,0.1886729072945627,0.01634203148027814,0.6568223134649888,0.024307704597446182,0.04544217360348901,0.08661567638200642,0.18050189155442364,,
ClassMeanImputer,RobustScalerNorm,cluster,shrink,TreeBasedSelection,SMOTESampler(k_neighbors=3),absent,absent,catboost,0.10689374748719156,3.427449919732871,0.07449430433996844,,,,,,,,,,,,122.0,3.0,6.949916815357535,,,,,0.23456356811509632,0.012965541773139836,0.6876733710808302,0.01092315739570491,0.03595291282102295,0.05527517285539358,0.2280807972285264,,
InterpolateImputer,ZScoreNormalizationNorm,statistical,shrink,SelectKBestFilter(k=30),FunctionSampler,absent,absent,catboost,0.02633920708294101,3.875550592643135,0.024091071774493062,,,,,,,,,,,,418.0,5.0,1.4012097323752903,,,,,0.27402941842115974,0.014394114582003941,0.7216923809431944,0.017681428986927813,0.04510221567690842,0.05252762519052396,0.2668323611301578,,
InterpolateImputer,ZScoreNormalizationNorm,cluster,cluster_local_median,SelectKBestFilter(k=40),SMOTESampler(k_neighbors=5),absent,absent,catboost,0.09854081906545396,2.7805760660268866,0.06020875231530056,,,,,,,,,,,,228.0,7.0,3.9195333120826086,,,,,0.2123361682902277,0.008631522211228346,0.6873926682828854,0.013732140465159519,0.025789050285342396,0.040650268302056355,0.2080204071846135,,
KNNImputerWrapper(n_neighbors=5),RobustScalerNorm,cluster,shrink,TreeBasedSelection,FunctionSampler,absent,absent,catboost,0.02098359499065547,2.8695602109498783,0.01805764915592472,,,,,,,,,,,,561.0,10.0,3.517094444751504,,,,,0.24364247903136937,0.008257344911096176,0.7054930137121372,0.01005485685895194,0.023974535421880327,0.033891236634614234,0.23951380657582128,,
MeanImputer,ZScoreNormalizationNorm,statistical,none,SelectKBestFilter(k=30),SMOTESampler(k_neighbors=3),absent,absent,catboost,0.039816817591177514,3.014466370578301,0.05042413015642651,,,,,,,,,,,,740.0,3.0,1.083310030887776,,,,,0.23423553991153523,0.00916451888554002,0.6888233688837159,0.016672497920248046,0.023744093778955033,0.039125227918023135,0.2296532804687652,,
ClassMeanImputer,ZScoreNormalizationNorm,cluster,mad_replace,SelectKBestFilter(k=20),SMOTESampler(k_neighbors=5),absent,absent,catboost,0.012712192727915466,2.306148936679802,0.03403663074496696,,,,,,,,,,,,192.0,9.0,2.5332793648007907,,,,,0.211661432678591,0.013160701249438309,0.6815363885012679,0.015700088716671248,0.03542296107505294,0.06217807884454275,0.20508108205387185,,
InterpolateImputer,ZScoreNormalizationNorm,iforest,percentile_clip,SelectKBestFilter(k=40),SMOTESampler(k_neighbors=3),absent,absent,catboost,0.01042375533563697,3.9895794803854994,0.10295209358725227,,,,,,,,,,,,357.0,8.0,4.783323437643657,,,,,0.21961303452126518,0.012902735312771049,0.6732276092608908,0.016759823988107183,0.0384539395885557,0.058752138009010905,0.21316166686487967,,
IterativeModelImputer,RobustScalerNorm,cluster,mad_replace,SelectKBestFilter(k=10),BorderlineSMOTESampler(k_neighbors=3),absent,absent,catboost,0.007911481429844441,2.0094707510106318,0.17233272585296217,,,,,,,,,,,,314.0,7.0,2.0661226228120566,,,,,0.17715416158236,0.018008844379207273,0.623342577290197,0.021160068002272457,0.04387460542921115,0.10165634393429057,0.16814973939275635,,
MeanImputer,ZScoreNormalizationNorm,iforest,mad_replace,SelectKBestFilter(k=40),BorderlineSMOTESampler(k_neighbors=3),absent,absent,catboost,0.07245563160229145,3.1609011116714276,0.029670050084482515,,,,,,,,,,,,145.0,4.0,2.2921330570037,,,,,0.23081877953649982,0.010310638136880348,0.6997508204346643,0.014865486014622568,0.027406734393529752,0.04466984080578204,0.22566346046805966,,
IterativeModelImputer,RobustScalerNorm,cluster,winsorize,SelectKBestFilter(k=10),FunctionSampler,absent,absent,catboost,0.0054942705323356815,3.550232674180695,0.27380334856560984,,,,,,,,,,,,104.0,6.0,4.291211913522932,,,,,0.22732138570094787,0.019406075931935288,0.6740784927152261,0.015680325369728274,0.05589557549599089,0.08536845696279939,0.21761834773498023,,
KNNImputerWrapper(n_neighbors=5),RobustScalerNorm,statistical,mad_replace,TreeBasedSelection,SMOTESampler(k_neighbors=3),absent,absent,catboost,0.02979883140710328,3.370713643850176,0.04229387093201986,,,,,,,,,,,,858.0,2.0,5.9851059216537426,,,,,0.21555188001928624,0.016849528214930222,0.6850568918655322,0.022568560444472505,0.04372428120334301,0.07816924729871357,0.20712711591182112,,
KNNImputerWrapper(n_neighbors=5),ZScoreNormalizationNorm,iforest,cluster_local_median,SelectKBestFilter(k=30),SMOTESampler(k_neighbors=5),absent,absent,catboost,0.07812541923155537,2.4208986175274716,0.07987099400983516,,,,,,,,,,,,176.0,8.0,1.537772233749497,,,,,0.19517074649862498,0.014964306518201596,0.6626939583105583,0.010082172807897735,0.03643729499464701,0.07667289686934216,0.1876885932395242,,
MeanImputer,RobustScalerNorm,cluster,winsorize,SelectKBestFilter(k=20),SMOTESampler(k_neighbors=5),absent,absent,catboost,0.0332140224533906,2.1581580275132906,0.1994946688529677,,,,,,,,,,,,476.0,6.0,3.1119700174285687,,,,,0.2033223783012242,0.022029488718619348,0.6549045728916811,0.022708722267919937,0.05229071920265996,0.10834758526177789,0.19230763394191452,,
IterativeModelImputer,ZScoreNormalizationNorm,cluster,percentile_clip,SelectKBestFilter(k=10),BorderlineSMOTESampler(k_neighbors=3),absent,absent,catboost,0.06358790107567829,2.6992093322595556,0.010501462017035884,,,,,,,,,,,,202.0,9.0,5.3619803535627675,,,,,0.2515804548237125,0.016020594113255036,0.7004109662266007,0.011702135451965016,0.04204251702024628,0.06367980423789674,0.243570157767085,,
KNNImputerWrapper(n_neighbors=5),RobustScalerNorm,iforest,none,SelectKBestFilter(k=40),SMOTESampler(k_neighbors=3),absent,absent,catboost,0.015710944690998953,3.247492051111623,0.019901527321423168,,,,,,,,,,,,343.0,2.0,8.770477598556024,,,,,0.23838852535380628,0.016210002485409675,0.6982006704950046,0.013767196761830415,0.047471944296235,0.06799824975363838,0.23028352411110145,,
ClassMeanImputer,ZScoreNormalizationNorm,statistical,winsorize,SelectKBestFilter(k=20),FunctionSampler,absent,absent,catboost,0.12655240983371843,2.5828620380764917,0.014405154287350223,,,,,,,,,,,,571.0,8.0,1.9483652046279776,,,,,0.24879908541023013,0.011114130558973846,0.7042740680483838,0.01115961853526264,0.028635523237484334,0.04467110697231227,0.2432420201307432,,
IterativeModelImputer,RobustScalerNorm,statistical,shrink,TreeBasedSelection,BorderlineSMOTESampler(k_neighbors=3),absent,absent,catboost,0.006525676471676682,2.2565276753214456,0.13963678989833522,,,,,,,,,,,,950.0,4.0,9.7313717191256,,,,,0.1925944066306001,0.016576556727405347,0.6557162981409198,0.01767252891147858,0.051321212674636324,0.08606977231275212,0.18430612826689743,,
MeanImputer,ZScoreNormalizationNorm,iforest,percentile_clip,SelectKBestFilter(k=20),BorderlineSMOTESampler(k_neighbors=3),absent,absent,catboost,0.00837716220973512,2.9043148276002198,0.012996383605240022,,,,,,,,,,,,276.0,10.0,1.7284006731498749,,,,,0.2389728231286293,0.010365232971073552,0.7069969626233331,0.012252392815329308,0.029580582918231707,0.043374107713890005,0.23379020664309252,,
ClassMeanImputer,RobustScalerNorm,iforest,none,SelectKBestFilter(k=10),FunctionSampler,absent,absent,catboost,0.016776505064976185,3.6888087516734123,0.11069787054842155,,,,,,,,,,,,694.0,3.0,7.423889949954845,,,,,0.21847177876160478,0.02088288069374697,0.662890324069013,0.01632212308568527,0.051687336241447224,0.09558617049817796,0.2080303384147313,,
IterativeModelImputer,ZScoreNormalizationNorm,cluster,mad_replace,TreeBasedSelection,SMOTESampler(k_neighbors=3),absent,l2,lr,0.029921604622676443,2.806066516691601,,,,,,,,,,,,,,,,1.6175398648276917,,,,0.22966469989717725,0.012092609763133547,0.7046967164929339,0.011308685778479507,0.03390725331600378,0.05265332359978484,0.22361839501561048,,
IterativeModelImputer,ZScoreNormalizationNorm,iforest,winsorize,SelectKBestFilter(k=20),SMOTESampler(k_neighbors=3),absent,l2,lr,0.014053773686005579,3.57407186233124,,,,,,,,,,,,,,,,2.3375184284254216,,,,0.27424774860740225,0.017676060229500676,0.7328873405484426,0.010684702897075569,0.04837512117882159,0.06445289093258788,0.26540971849265194,,
MeanImputer,RobustScalerNorm,cluster,none,SelectKBestFilter(k=30),SMOTESampler(k_neighbors=5),absent,l1,lr,0.006115009174880287,3.0646687514316784,,,,,,,,,,,,,,,,0.17674990455100761,,,,0.27313363255911594,0.021791994541584214,0.7329782582134567,0.004602320771644281,0.061072618763098774,0.0797851012978698,0.26223763528832383,,
InterpolateImputer,RobustScalerNorm,iforest,none,SelectKBestFilter(k=10),FunctionSampler,absent,l1,lr,0.005317060590318042,2.500216042026929,,,,,,,,,,,,,,,,6.259816595116811,,,,0.26565917042525106,0.009342750698466611,0.7215975111516952,0.016673455769223935,0.02746289698857657,0.03516818442032814,0.26098779507601777,,
MeanImputer,ZScoreNormalizationNorm,cluster,winsorize,SelectKBestFilter(k=30),SMOTESampler(k_neighbors=3),absent,l2,lr,0.03760288987340083,2.017840873304195,,,,,,,,,,,,,,,,0.009431699017752515,,,,0.28223035445724654,0.0218367265598609,0.7362281293339421,0.012435325292992495,0.059379417252007294,0.07737199849341089,0.2713119911773161,,
IterativeModelImputer,RobustScalerNorm,statistical,percentile_clip,SelectKBestFilter(k=10),BorderlineSMOTESampler(k_neighbors=3),absent,l1,lr,0.0270837096611849,2.2821593546765175,,,,,,,,,,,,,,,,19.822689540108954,,,,0.2691380081650897,0.011185009005984103,0.7230005080157164,0.015401543454492425,0.026741266889134474,0.04155863782391969,0.26354550366209767,,
KNNImputerWrapper(n_neighbors=5),RobustScalerNorm,statistical,cluster_local_median,SelectKBestFilter(k=40),FunctionSampler,absent,l1,lr,0.012046574145161826,2.408522928166182,,,,,,,,,,,,,,,,0.003644561612937543,,,,0.1946633225207625,0.011139978663493663,0.6693155238456575,0.009755439051688863,0.026988757006489006,0.05722690088321846,0.18909333318901567,,
ClassMeanImputer,ZScoreNormalizationNorm,statistical,mad_replace,SelectKBestFilter(k=10),FunctionSampler,absent,l2,lr,0.1465447417303523,2.966376798128464,,,,,,,,,,,,,,,,0.311297437067986,,,,0.23052595521787267,0.021127740942150017,0.7036070924459992,0.01768994324494765,0.06367299974488896,0.0916501611377424,0.21996208474679765,,
ClassMeanImputer,ZScoreNormalizationNorm,iforest,percentile_clip,SelectKBestFilter(k=40),BorderlineSMOTESampler(k_neighbors=3),absent,l2,lr,0.04011300851378857,3.3195846034206262,,,,,,,,,,,,,,,,33.408355911061136,,,,0.2714808132948338,0.02645116215305801,0.7306602047389079,0.01490685427387588,0.08112924926181586,0.097432897124599,0.2582552322183048,,
InterpolateImputer,ZScoreNormalizationNorm,statistical,shrink,TreeBasedSelection,SMOTESampler(k_neighbors=5),absent,l1,lr,0.10685240773425489,3.453763014356737,,,,,,,,,,,,,,,,11.952993937066882,,,,0.27652822080865785,0.020603136525679452,0.7300234341005014,0.008930894890210251,0.053006094256148883,0.07450645169389665,0.2662266525458181,,
MeanImputer,RobustScalerNorm,statistical,cluster_local_median,SelectKBestFilter(k=30),SMOTESampler(k_neighbors=3),absent,l1,lr,0.016646529793882866,2.1383662355579904,,,,,,,,,,,,,,,,0.0019648794814950033,,,,0.1827371483821861,0.009357621825249096,0.6622926848416256,0.0055384687673337984,0.026882877352784385,0.05120809812396806,0.17805833746956157,,
MeanImputer,ZScoreNormalizationNorm,cluster,shrink,SelectKBestFilter(k=10),BorderlineSMOTESampler(k_neighbors=3),absent,l2,lr,0.07655073138392972,3.763814468755894,,,,,,,,,,,,,,,,0.02754464143025686,,,,0.2680922098957486,0.011799007154525707,0.7237524543375324,0.015142490253759222,0.033100111093365636,0.044011003374972796,0.26219270631848574,,
KNNImputerWrapper(n_neighbors=5),RobustScalerNorm,iforest,mad_replace,SelectKBestFilter(k=20),FunctionSampler,absent,l2,lr,0.007762433081385958,2.711128307904885,,,,,,,,,,,,,,,,0.5735167810206598,,,,0.22604896686244985,0.014689260911419592,0.7020476797936213,0.017897231979558517,0.04145685034400576,0.0649826500660716,0.21870433640674006,,
KNNImputerWrapper(n_neighbors=5),ZScoreNormalizationNorm,iforest,shrink,SelectKBestFilter(k=30),BorderlineSMOTESampler(k_neighbors=3),absent,l1,lr,0.008892192863803073,2.6468723773409506,,,,,,,,,,,,,,,,0.04520920593478612,,,,0.2738911333437603,0.008494175498381164,0.7337313272071354,0.009022813481624856,0.02673231864476655,0.031012962685871757,0.2696440455945697,,
InterpolateImputer,RobustScalerNorm,cluster,percentile_clip,SelectKBestFilter(k=40),SMOTESampler(k_neighbors=3),absent,l1,lr,0.0710259881290796,3.9737992242362923,,,,,,,,,,,,,,,,83.64217292925738,,,,0.2745062578969443,0.024138744747843378,0.7322543451956075,0.011422971380651263,0.07326309417123306,0.08793513464055744,0.2624368855230226,,
IterativeModelImputer,RobustScalerNorm,cluster,none,SelectKBestFilter(k=20),SMOTESampler(k_neighbors=5),absent,l1,lr,0.02034836016396374,3.8700108279378442,,,,,,,,,,,,,,,,0.39601458485241403,,,,0.269983986631979,0.019327339560297082,0.7303262178980152,0.007297832016221772,0.05340002224374191,0.07158698484826286,0.26032031685183044,,
InterpolateImputer,ZScoreNormalizationNorm,iforest,winsorize,SelectKBestFilter(k=20),FunctionSampler,absent,l2,lr,0.047793443613496016,3.695042971296944,,,,,,,,,,,,,,,,4.01994682693257,,,,0.2784733081664753,0.023057406593915496,0.7343605526332148,0.0105612808783993,0.06559062874760846,0.08279934168818597,0.26694460486951754,,
KNNImputerWrapper(n_neighbors=5),RobustScalerNorm,cluster,percentile_clip,TreeBasedSelection,SMOTESampler(k_neighbors=5),absent,l1,lr,0.010475392330538177,3.1725433150864397,,,,,,,,,,,,,,,,0.06084106114127848,,,,0.2837989108851303,0.015297475257916329,0.7361905734147016,0.01160840483706639,0.04168547774859244,0.05390251572920269,0.27615017325617214,,
ClassMeanImputer,ZScoreNormalizationNorm,statistical,cluster_local_median,TreeBasedSelection,SMOTESampler(k_neighbors=5),absent,l2,lr,0.055470175634693704,2.323167576158225,,,,,,,,,,,,,,,,0.001039903674570102,,,,0.23714113735156603,0.012124391051913243,0.7072185402693556,0.01893546172887989,0.03709845764063652,0.05112732100098944,0.2310789418256094,,
ClassMeanImputer,RobustScalerNorm,iforest,shrink,SelectKBestFilter(k=40),BorderlineSMOTESampler(k_neighbors=3),absent,l2,lr,0.09544315882495324,3.2020213398924016,,,,,,,,,,,,,,,,0.011066382024518071,,,,0.2744657595445351,0.01463124793600233,0.7267216266791848,0.013088149887031416,0.04395962263465242,0.05330809919708126,0.26715013557653394,,
MeanImputer,ZScoreNormalizationNorm,cluster,cluster_local_median,SelectKBestFilter(k=30),SMOTESampler(k_neighbors=5),absent,absent,stacker,0.1041659813242575,3.295394891089674,,,,,,,,,,,,,,,,,0.053562390027608195,3.0,6.987165240321487,0.18886358464498065,0.020193919888571034,0.6286609927527378,0.02210686259102581,0.06149955405875024,0.10692331148183425,0.17876662470069513,,
KNNImputerWrapper(n_neighbors=5),ZScoreNormalizationNorm,cluster,shrink,SelectKBestFilter(k=20),FunctionSampler,absent,absent,stacker,0.021601986708332004,2.5388136687128555,,,,,,,,,,,,,,,,,0.05958083681843248,6.0,4.641869706026773,0.27065220094504017,0.011721596217751996,0.7299915813007347,0.011176234057867879,0.029072777694295227,0.04330870459144071,0.26479140283616415,,
IterativeModelImputer,ZScoreNormalizationNorm,statistical,cluster_local_median,SelectKBestFilter(k=10),BorderlineSMOTESampler(k_neighbors=3),absent,absent,stacker,0.005672141731981612,2.946568859420844,,,,,,,,,,,,,,,,,0.08670770307239768,6.0,4.729489510548738,0.16420050610177894,0.01498840580951774,0.5840287763037462,0.030895080733215927,0.0425005293521393,0.09128111822156776,0.15670630319702006,,
ClassMeanImputer,ZScoreNormalizationNorm,cluster,percentile_clip,TreeBasedSelection,SMOTESampler(k_neighbors=5),absent,absent,stacker,0.008654727750711879,3.704839702659628,,,,,,,,,,,,,,,,,0.09436449274531772,5.0,4.306412560472924,0.19774007663287568,0.012518752266283144,0.6027650945777361,0.00747657688727303,0.036905977324211026,0.06330913024538504,0.19148070049973412,,
MeanImputer,RobustScalerNorm,statistical,winsorize,SelectKBestFilter(k=10),SMOTESampler(k_neighbors=3),absent,absent,stacker,0.006442095024533485,3.5885086390302936,,,,,,,,,,,,,,,,,0.09402647058235163,3.0,5.434586721865404,0.20177623112718018,0.020295991881887826,0.6270639900186701,0.017635205184142962,0.05741023741294993,0.10058663385924381,0.19162823518623628,,
KNNImputerWrapper(n_neighbors=5),ZScoreNormalizationNorm,statistical,none,SelectKBestFilter(k=40),SMOTESampler(k_neighbors=3),absent,absent,stacker,0.038420954750660756,2.6400933243549414,,,,,,,,,,,,,,,,,0.04913798422423836,4.0,4.169541646266113,0.22245703600811795,0.01780997261016009,0.6542282133333762,0.010691292536875945,0.05258010663070181,0.08006028008711832,0.2135520497030379,,
IterativeModelImputer,ZScoreNormalizationNorm,iforest,cluster_local_median,SelectKBestFilter(k=20),SMOTESampler(k_neighbors=3),absent,absent,stacker,0.011360080060124081,2.0104255952166246,,,,,,,,,,,,,,,,,0.03184318942436685,5.0,4.90315649991088,0.1689577837583387,0.010764902966514002,0.5993198309936745,0.034630568892586956,0.03087762614016143,0.06371356635401365,0.1635753322750817,,
ClassMeanImputer,RobustScalerNorm,iforest,mad_replace,SelectKBestFilter(k=40),BorderlineSMOTESampler(k_neighbors=3),absent,absent,stacker,0.06404847965645856,2.837488338647995,,,,,,,,,,,,,,,,,0.07175115027030711,6.0,5.175175079962373,0.17016452452143388,0.015072230350159083,0.5886584238705225,0.010886325012312176,0.03455081704115809,0.08857445694129147,0.16262840934635434,,
KNNImputerWrapper(n_neighbors=5),RobustScalerNorm,statistical,winsorize,SelectKBestFilter(k=20),BorderlineSMOTESampler(k_neighbors=3),absent,absent,stacker,0.012580531501694935,2.486944969224619,,,,,,,,,,,,,,,,,0.057397535765851014,4.0,6.078413665054206,0.2086169036608362,0.015236177325047198,0.6435496606797979,0.023299992262454033,0.04311478531788729,0.07303424151006367,0.20099881499831262,,
InterpolateImputer,RobustScalerNorm,cluster,winsorize,SelectKBestFilter(k=20),SMOTESampler(k_neighbors=5),absent,absent,stacker,0.11367124130432851,3.452684099868241,,,,,,,,,,,,,,,,,0.03994780866903622,5.0,5.773961446703092,0.21069243801973941,0.023012698803369286,0.6330254533022093,0.023284296695403092,0.0714139093222379,0.10922413267254169,0.19918608861805476,,
InterpolateImputer,RobustScalerNorm,statistical,mad_replace,SelectKBestFilter(k=10),SMOTESampler(k_neighbors=3),absent,absent,stacker,0.06447806847303937,3.3485501485102747,,,,,,,,,,,,,,,,,0.06201317786559769,5.0,6.837944838251064,0.19225688984881728,0.031217694571453906,0.5942964598592562,0.0248939769572671,0.08946681954160685,0.16237490680309136,0.17664804256309033,,
ClassMeanImputer,ZScoreNormalizationNorm,cluster,mad_replace,SelectKBestFilter(k=40),BorderlineSMOTESampler(k_neighbors=3),absent,absent,stacker,0.04733472969398419,2.259084938244277,,,,,,,,,,,,,,,,,0.07986849079773478,4.0,6.354966871278965,0.1882242215228164,0.0352734329804546,0.6309439198610566,0.03157681893722952,0.09648780688496023,0.18740113623569313,0.1705875050325891,,
InterpolateImputer,RobustScalerNorm,iforest,cluster_local_median,TreeBasedSelection,BorderlineSMOTESampler(k_neighbors=3),absent,absent,stacker,0.029229511858907715,2.3002828938278412,,,,,,,,,,,,,,,,,0.06928248158830837,6.0,7.863559473208119,0.18902479553293094,0.014099290961498102,0.5974043170082376,0.010008821345836676,0.03905694394490067,0.07458963741633459,0.1819751500521819,,
ClassMeanImputer,ZScoreNormalizationNorm,cluster,percentile_clip,SelectKBestFilter(k=30),FunctionSampler,absent,absent,stacker,0.016091187389144446,3.846631660776694,,,,,,,,,,,,,,,,,0.033226591557845936,4.0,5.224946187102742,0.2814608265834612,0.020158784081249652,0.7363611096820937,0.010467117327109497,0.053454955768549584,0.071621988487524,0.2713814345428364,,
KNNImputerWrapper(n_neighbors=5),RobustScalerNorm,cluster,none,SelectKBestFilter(k=30),SMOTESampler(k_neighbors=5),absent,absent,stacker,0.14206760151663797,2.783438073251188,,,,,,,,,,,,,,,,,0.04606785822897022,3.0,5.607628699790274,0.21014569862085236,0.014935088235204721,0.6386641202914767,0.014002731085491053,0.04548087987654781,0.0710701591001908,0.20267815450325,,
InterpolateImputer,RobustScalerNorm,iforest,none,SelectKBestFilter(k=30),FunctionSampler,absent,absent,stacker,0.08589967349898281,3.0001544363519015,,,,,,,,,,,,,,,,,0.0437454680417296,3.0,4.051143915195303,0.2761754345294082,0.01693588863585889,0.7339946359595817,0.00642652568559388,0.04567741435187678,0.061322936504895745,0.2677074902114787,,
IterativeModelImputer,ZScoreNormalizationNorm,statistical,none,TreeBasedSelection,SMOTESampler(k_neighbors=5),absent,absent,stacker,0.024846667538787292,3.674573369179086,,,,,,,,,,,,,,,,,0.034621114165427944,4.0,6.426224574257859,0.2275740951842698,0.0243443722100715,0.640756003615057,0.02994750316934732,0.06991107945524228,0.10697338899824928,0.21540190907923404,,
IterativeModelImputer,ZScoreNormalizationNorm,iforest,mad_replace,SelectKBestFilter(k=40),SMOTESampler(k_neighbors=3),absent,absent,stacker,0.04490829091171853,3.150669638239285,,,,,,,,,,,,,,,,,0.04257558027407566,5.0,7.252457743532935,0.1842496489994418,0.02174207056396374,0.6070469034352151,0.012793447511485105,0.04961696172445543,0.11800332148274328,0.17337861371745994,,
MeanImputer,RobustScalerNorm,iforest,winsorize,TreeBasedSelection,FunctionSampler,absent,absent,stacker,0.007957977486450154,3.925061892606706,,,,,,,,,,,,,,,,,0.036978044736723524,6.0,4.521303677884466,0.27609094641071,0.01826412719794524,0.7354417177897672,0.011528401414714435,0.05363248143097782,0.06615257557477353,0.2669588828117374,,
MeanImputer,RobustScalerNorm,statistical,shrink,SelectKBestFilter(k=10),FunctionSampler,absent,absent,stacker,0.018301559873322198,2.115428211666776,,,,,,,,,,,,,,,,,0.0758649292164339,3.0,7.463085098502476,0.26374694451707487,0.011031179585823246,0.7207365002057784,0.017399339636822473,0.02642766664173357,0.04182486210796308,0.25823135472416325,,
